Date,GameNum,PlayerID,GroupID,Level,Patient,PatientType,Med,DoseNumber,PriorMedHealth,PostMedHealth,PriorMed,FinishHealth,Time,Win,NumHealthy,NumPatients
2022-04-29 06:05:14,1,a,a,1,1,,YMed,1,40,60,,95,90,0,0,4
2022-04-29 06:05:14,1,a,a,1,1,,BMed,2,60,75,,95,90,0,0,4
2022-04-29 06:05:14,1,a,a,1,1,,YMed,3,75,95,,95,90,0,0,4
2022-04-29 06:05:15,1,a,a,1,2,,YMed,1,40,60,,95,90,0,0,4
2022-04-29 06:05:15,1,a,a,1,2,,BMed,2,60,75,,95,90,0,0,4
2022-04-29 06:05:15,1,a,a,1,2,,YMed,3,75,95,,95,90,0,0,4
2022-04-29 06:05:15,1,a,a,1,3,,YMed,1,40,60,,95,90,0,0,4
2022-04-29 06:05:15,1,a,a,1,3,,BMed,2,60,75,,95,90,0,0,4
2022-04-29 06:05:15,1,a,a,1,3,,YMed,3,75,95,,95,90,0,0,4
2022-04-29 06:05:16,1,a,a,1,4,,YMed,1,40,60,,95,90,0,0,4
2022-04-29 06:05:16,1,a,a,1,4,,BMed,2,60,75,,95,90,0,0,4
2022-04-29 06:05:16,1,a,a,1,4,,YMed,3,75,95,,95,90,0,0,4
2022-04-29 06:07:40,1,a,a,1,1,,YMed,1,40,60,,100,4,1,4,4
2022-04-29 06:07:40,1,a,a,1,1,,YMed,2,60,80,,100,4,1,4,4
2022-04-29 06:07:40,1,a,a,1,1,,YMed,3,80,100,,100,4,1,4,4
2022-04-29 06:07:40,1,a,a,1,2,,YMed,1,40,60,,100,4,1,4,4
2022-04-29 06:07:40,1,a,a,1,2,,YMed,2,60,80,,100,4,1,4,4
2022-04-29 06:07:41,1,a,a,1,2,,YMed,3,80,100,,100,4,1,4,4
2022-04-29 06:07:41,1,a,a,1,3,,YMed,1,40,60,,100,4,1,4,4
2022-04-29 06:07:41,1,a,a,1,3,,YMed,2,60,80,,100,4,1,4,4
2022-04-29 06:07:41,1,a,a,1,3,,YMed,3,80,100,,100,4,1,4,4
2022-04-29 06:07:41,1,a,a,1,4,,YMed,1,40,60,,100,4,1,4,4
2022-04-29 06:07:41,1,a,a,1,4,,YMed,2,60,80,,100,4,1,4,4
2022-04-29 06:07:41,1,a,a,1,4,,YMed,3,80,100,,100,4,1,4,4
2022-04-29 06:12:14,2,b,b,2,1,,YMed,1,40,70,,125,84.15,1,6,6
2022-04-29 06:12:14,2,b,b,2,1,,BMed,2,70,95,,125,84.15,1,6,6
2022-04-29 06:12:15,2,b,b,2,1,,YMed,3,95,125,,125,84.15,1,6,6
2022-04-29 06:12:15,2,b,b,2,2,,YMed,1,40,70,,125,84.15,1,6,6
2022-04-29 06:12:15,2,b,b,2,2,,BMed,2,70,95,,125,84.15,1,6,6
2022-04-29 06:12:15,2,b,b,2,2,,YMed,3,95,125,,125,84.15,1,6,6
2022-04-29 06:12:15,2,b,b,2,3,,YMed,1,40,70,,125,84.15,1,6,6
2022-04-29 06:12:16,2,b,b,2,3,,BMed,2,70,95,,125,84.15,1,6,6
2022-04-29 06:12:16,2,b,b,2,3,,YMed,3,95,125,,125,84.15,1,6,6
2022-04-29 06:12:16,2,b,b,2,4,,YMed,1,40,70,,125,84.15,1,6,6
2022-04-29 06:12:16,2,b,b,2,4,,BMed,2,70,95,,125,84.15,1,6,6
2022-04-29 06:12:16,2,b,b,2,4,,YMed,3,95,125,,125,84.15,1,6,6
2022-04-29 06:12:16,2,b,b,2,5,,YMed,1,40,70,,125,84.15,1,6,6
2022-04-29 06:12:17,2,b,b,2,5,,BMed,2,70,95,,125,84.15,1,6,6
2022-04-29 06:12:17,2,b,b,2,5,,YMed,3,95,125,,125,84.15,1,6,6
2022-04-29 06:12:17,2,b,b,2,6,,YMed,1,40,70,,125,84.15,1,6,6
2022-04-29 06:12:17,2,b,b,2,6,,BMed,2,70,95,,125,84.15,1,6,6
2022-04-29 06:12:17,2,b,b,2,6,,YMed,3,95,125,,125,84.15,1,6,6
2022-04-29 06:16:20,3,c,c,3,1,,ComMed,1,30,60,,105,120,1,3,5
2022-04-29 06:16:20,3,c,c,3,1,,ComMed,2,60,90,,105,120,1,3,5
2022-04-29 06:16:20,3,c,c,3,1,,YMed,3,90,105,,105,120,1,3,5
2022-04-29 06:16:20,3,c,c,3,2,,YMed,1,30,45,,105,120,1,3,5
2022-04-29 06:16:21,3,c,c,3,2,,ComMed,2,45,75,,105,120,1,3,5
2022-04-29 06:16:21,3,c,c,3,2,,ComMed,3,75,105,,105,120,1,3,5
2022-04-29 06:16:21,3,c,c,3,3,,YMed,1,30,45,,75,120,1,3,5
2022-04-29 06:16:21,3,c,c,3,3,,ComMed,2,45,75,,75,120,1,3,5
2022-04-29 06:16:22,3,c,c,3,4,,ComMed,1,30,60,,120,120,1,3,5
2022-04-29 06:16:22,3,c,c,3,4,,ComMed,2,60,90,,120,120,1,3,5
2022-04-29 06:16:22,3,c,c,3,4,,ComMed,3,90,120,,120,120,1,3,5
2022-04-29 06:16:22,3,c,c,3,5,,ComMed,1,30,60,,60,120,1,3,5
2022-04-29 06:31:09,4,test10,test10,2,1,,YMed,1,40,70,,120,75.48,1,6,6
2022-04-29 06:31:09,4,test10,test10,2,1,,BMed,2,70,95,,120,75.48,1,6,6
2022-04-29 06:31:10,4,test10,test10,2,1,,BMed,3,95,120,,120,75.48,1,6,6
2022-04-29 06:31:10,4,test10,test10,2,2,,YMed,1,40,70,,125,75.48,1,6,6
2022-04-29 06:31:10,4,test10,test10,2,2,,BMed,2,70,95,,125,75.48,1,6,6
2022-04-29 06:31:10,4,test10,test10,2,2,,YMed,3,95,125,,125,75.48,1,6,6
2022-04-29 06:31:10,4,test10,test10,2,3,,YMed,1,40,70,,120,75.48,1,6,6
2022-04-29 06:31:10,4,test10,test10,2,3,,BMed,2,70,95,,120,75.48,1,6,6
2022-04-29 06:31:11,4,test10,test10,2,3,,BMed,3,95,120,,120,75.48,1,6,6
2022-04-29 06:31:11,4,test10,test10,2,4,,YMed,1,40,70,,100,75.48,1,6,6
2022-04-29 06:31:11,4,test10,test10,2,4,,YMed,2,70,100,,100,75.48,1,6,6
2022-04-29 06:31:11,4,test10,test10,2,5,,YMed,1,40,70,,150,75.48,1,6,6
2022-04-29 06:31:11,4,test10,test10,2,5,,BMed,2,70,95,,150,75.48,1,6,6
2022-04-29 06:31:12,4,test10,test10,2,5,,ComMed,3,95,150,,150,75.48,1,6,6
2022-04-29 06:31:12,4,test10,test10,2,6,,YMed,1,40,70,,120,75.48,1,6,6
2022-04-29 06:31:12,4,test10,test10,2,6,,BMed,2,70,95,,120,75.48,1,6,6
2022-04-29 06:31:12,4,test10,test10,2,6,,BMed,3,95,120,,120,75.48,1,6,6
2022-05-02 01:19:36,5,e,e,1,1,,YMed,1,40,60,,105,78.38,1,4,4
2022-05-02 01:19:37,5,e,e,1,1,,BMed,2,60,75,,105,78.38,1,4,4
2022-05-02 01:19:37,5,e,e,1,1,,ComMed,3,75,105,,105,78.38,1,4,4
2022-05-02 01:19:38,5,e,e,1,2,,YMed,1,40,60,,110,78.38,1,4,4
2022-05-02 01:19:38,5,e,e,1,2,,YMed,2,60,80,,110,78.38,1,4,4
2022-05-02 01:19:38,5,e,e,1,2,,BMed,3,80,95,,110,78.38,1,4,4
2022-05-02 01:19:39,5,e,e,1,2,,BMed,4,95,110,,110,78.38,1,4,4
2022-05-02 01:19:39,5,e,e,1,3,,YMed,1,40,60,,100,78.38,1,4,4
2022-05-02 01:19:40,5,e,e,1,3,,YMed,2,60,80,,100,78.38,1,4,4
2022-05-02 01:19:41,5,e,e,1,3,,YMed,3,80,100,,100,78.38,1,4,4
2022-05-10 18:53:15,12,Oxley,bad teacher,1,2,,BMed,4,78,93,,105,90.01,1,4,4
2022-05-10 18:53:15,12,Oxley,bad teacher,1,2,,BMed,3,72,78,,105,90.01,1,4,4
2022-05-10 18:53:15,12,Oxley,bad teacher,1,2,,YMed,2,58,72,,105,90.01,1,4,4
2022-05-10 18:53:15,12,Oxley,bad teacher,1,2,,BMed,1,40,58,,105,90.01,1,4,4
2022-05-10 18:53:15,12,Oxley,bad teacher,1,1,,BMed,4,89,104,,104,90.01,1,4,4
2022-05-10 18:53:14,12,Oxley,bad teacher,1,1,,YMed,3,77,89,,104,90.01,1,4,4
2022-05-10 18:53:14,12,Oxley,bad teacher,1,1,,YMed,2,50,77,,104,90.01,1,4,4
2022-05-10 18:53:14,12,Oxley,bad teacher,1,1,,BMed,1,40,50,,104,90.01,1,4,4
2022-05-10 18:51:38,12,Oxley,bad teacher,1,3,,YMed,1,40,59,,59,90,0,0,4
2022-05-10 18:51:37,12,Oxley,bad teacher,1,1,,YMed,1,40,51,,51,90,0,0,4
2022-05-09 04:17:28,11,Jake,StatsTest,3,2,,ComMed,1,30,61,,101,140,1,4,5
2022-05-09 04:17:28,11,Jake,StatsTest,3,1,,ComMed,3,75,100,,100,140,1,4,5
2022-05-09 04:17:27,11,Jake,StatsTest,3,1,,ComMed,2,51,75,,100,140,1,4,5
2022-05-09 04:17:27,11,Jake,StatsTest,3,1,,ComMed,1,30,51,,100,140,1,4,5
2022-05-09 04:15:00,11,Jake,StatsTest,1,1,,YMed,1,40,62,,100,90,1,3,4
2022-05-05 18:30:05,10,lmkl,mlmlm,3,5,,ComMed,2,30,68,,68,140,0,0,5
2022-05-05 18:30:05,10,lmkl,mlmlm,3,5,,BMed,1,30,30,,68,140,0,0,5
2022-05-05 18:30:05,10,lmkl,mlmlm,3,4,,ComMed,2,39,61,,61,140,0,0,5
2022-05-05 18:30:04,10,lmkl,mlmlm,3,4,,YMed,1,30,39,,61,140,0,0,5
2022-05-05 18:30:04,10,lmkl,mlmlm,3,3,,ComMed,2,38,77,,77,140,0,0,5
2022-05-05 18:30:04,10,lmkl,mlmlm,3,3,,YMed,1,30,38,,77,140,0,0,5
2022-05-05 18:30:04,10,lmkl,mlmlm,3,2,,YMed,1,30,53,,53,140,0,0,5
2022-05-05 18:30:04,10,lmkl,mlmlm,3,1,,ComMed,2,38,63,,63,140,0,0,5
2022-05-05 18:30:03,10,lmkl,mlmlm,3,1,,YMed,1,30,38,,63,140,0,0,5
2022-05-05 18:27:32,10,lmkl,mlmlm,0,2,,YMed,3,89,100,,100,111.84,1,2,2
2022-05-05 18:27:32,10,lmkl,mlmlm,0,2,,YMed,2,83,89,,100,111.84,1,2,2
2022-05-05 18:27:32,10,lmkl,mlmlm,0,2,,ComMed,1,40,83,,100,111.84,1,2,2
2022-05-05 18:27:32,10,lmkl,mlmlm,0,1,,BMed,3,75,120,,120,111.84,1,2,2
2022-05-05 18:27:32,10,lmkl,mlmlm,0,1,,ComMed,2,44,75,,120,111.84,1,2,2
2022-05-05 18:27:31,10,lmkl,mlmlm,0,1,,YMed,1,40,44,,120,111.84,1,2,2
2022-05-03 18:43:59,9,finn,e,1,3,,YMed,2,64,85,,121,90,0,1,4
2022-05-03 18:43:59,9,finn,e,1,3,,YMed,1,40,64,,121,90,0,1,4
2022-05-03 18:43:59,9,finn,e,1,2,,BMed,2,57,68,,68,90,0,1,4
2022-05-03 18:43:58,9,finn,e,1,2,,BMed,1,40,57,,68,90,0,1,4
2022-05-03 18:43:58,9,finn,e,1,1,,ComMed,1,40,70,,70,90,0,1,4
2022-05-03 18:42:03,9,finn,e,0,2,,BMed,3,82,114,,114,114.67,1,2,2
2022-05-03 18:42:03,9,finn,e,0,2,,ComMed,2,68,82,,114,114.67,1,2,2
2022-05-03 18:42:03,9,finn,e,0,2,,ComMed,1,40,68,,114,114.67,1,2,2
2022-05-03 18:42:03,9,finn,e,0,1,,BMed,4,79,126,,126,114.67,1,2,2
2022-05-03 18:42:03,9,finn,e,0,1,,BMed,3,49,79,,126,114.67,1,2,2
2022-05-03 18:42:02,9,finn,e,0,1,,ComMed,2,46,49,,126,114.67,1,2,2
2022-05-03 18:42:02,9,finn,e,0,1,,YMed,1,40,46,,126,114.67,1,2,2
2022-05-02 16:35:58,7,g,g,1,2,,ComMed,2,57,96,,105,90,1,3,4
2022-05-02 16:35:57,7,g,g,1,2,,YMed,1,40,57,,105,90,1,3,4
2022-05-02 16:35:57,7,g,g,1,1,,YMed,3,74,100,,100,90,1,3,4
2022-05-02 16:35:57,7,g,g,1,1,,BMed,2,52,74,,100,90,1,3,4
2022-05-02 16:35:57,7,g,g,1,1,,YMed,1,40,52,,100,90,1,3,4
2022-05-02 16:29:03,7,g,g,1,4,,BMed,2,65,79,,104,70.31,1,4,4
2022-05-02 16:29:03,7,g,g,1,4,,YMed,1,40,65,,104,70.31,1,4,4
2022-05-02 16:29:03,7,g,g,1,3,,YMed,3,83,106,,106,70.31,1,4,4
2022-05-02 16:29:03,7,g,g,1,3,,YMed,2,55,83,,106,70.31,1,4,4
2022-05-02 16:29:02,7,g,g,1,3,,YMed,1,40,55,,106,70.31,1,4,4
2022-05-02 16:29:02,7,g,g,1,2,,BMed,4,80,101,,101,70.31,1,4,4
2022-05-02 16:29:02,7,g,g,1,2,,BMed,3,57,80,,101,70.31,1,4,4
2022-05-02 16:29:01,7,g,g,1,2,,BMed,2,52,57,,101,70.31,1,4,4
2022-05-02 16:29:01,7,g,g,1,2,,BMed,1,40,52,,101,70.31,1,4,4
2022-05-02 16:29:01,7,g,g,1,1,,BMed,4,87,110,,110,70.31,1,4,4
2022-05-02 16:29:01,7,g,g,1,1,,YMed,3,64,87,,110,70.31,1,4,4
2022-05-02 16:29:00,7,g,g,1,1,,BMed,2,53,64,,110,70.31,1,4,4
2022-05-02 16:29:00,7,g,g,1,1,,YMed,1,40,53,,110,70.31,1,4,4
2022-05-02 13:02:49,8,hahah,hahaha,3,5,,ComMed,2,59,87,,87,140,0,0,5
2022-05-02 13:02:49,8,hahah,hahaha,3,5,,ComMed,1,30,59,,87,140,0,0,5
2022-05-02 13:02:48,8,hahah,hahaha,3,4,,BMed,3,62,76,,76,140,0,0,5
2022-05-02 13:02:48,8,hahah,hahaha,3,4,,BMed,2,62,62,,76,140,0,0,5
2022-05-02 13:02:48,8,hahah,hahaha,3,4,,ComMed,1,30,62,,76,140,0,0,5
2022-05-02 13:02:48,8,hahah,hahaha,3,3,,ComMed,1,30,63,,63,140,0,0,5
2022-05-02 13:02:48,8,hahah,hahaha,3,2,,BMed,3,75,84,,84,140,0,0,5
2022-05-02 13:02:47,8,hahah,hahaha,3,2,,YMed,2,52,75,,84,140,0,0,5
2022-05-02 13:02:47,8,hahah,hahaha,3,2,,ComMed,1,30,52,,84,140,0,0,5
2022-05-02 13:02:47,8,hahah,hahaha,3,1,,ComMed,3,65,90,,90,140,0,0,5
2022-05-02 13:02:47,8,hahah,hahaha,3,1,,BMed,2,65,65,,90,140,0,0,5
2022-05-02 13:02:46,8,hahah,hahaha,3,1,,ComMed,1,30,65,,90,140,0,0,5
2022-05-02 13:00:15,8,hahah,hahaha,1,3,,YMed,4,99,125,,125,90,1,3,4
2022-05-02 13:00:14,8,hahah,hahaha,1,3,,YMed,3,83,99,,125,90,1,3,4
2022-05-02 13:00:14,8,hahah,hahaha,1,3,,YMed,2,66,83,,125,90,1,3,4
2022-05-02 13:00:14,8,hahah,hahaha,1,3,,YMed,1,40,66,,125,90,1,3,4
2022-05-02 13:00:14,8,hahah,hahaha,1,2,,BMed,3,67,72,,72,90,1,3,4
2022-05-02 13:00:13,8,hahah,hahaha,1,2,,BMed,2,56,67,,72,90,1,3,4
2022-05-02 13:00:13,8,hahah,hahaha,1,2,,BMed,1,40,56,,72,90,1,3,4
2022-05-02 13:00:13,8,hahah,hahaha,1,1,,YMed,2,78,105,,116,90,1,3,4
2022-05-02 13:00:13,8,hahah,hahaha,1,1,,ComMed,1,40,78,,116,90,1,3,4
2022-05-02 12:58:35,8,hahah,hahaha,0,2,,YMed,3,87,131,,131,65.54,1,2,2
2022-05-02 12:58:35,8,hahah,hahaha,0,2,,ComMed,2,51,87,,131,65.54,1,2,2
2022-05-02 12:58:35,8,hahah,hahaha,0,2,,YMed,1,40,51,,131,65.54,1,2,2
2022-05-02 12:58:35,8,hahah,hahaha,0,1,,YMed,3,56,101,,101,65.54,1,2,2
2022-05-02 12:58:34,8,hahah,hahaha,0,1,,ComMed,2,40,56,,101,65.54,1,2,2
2022-05-02 12:58:34,8,hahah,hahaha,0,1,,YMed,1,40,40,,101,65.54,1,2,2
2022-05-02 04:37:13,7,g,g,1,4,,YMed,3,88,116,,116,60.1,1,4,4
2022-05-02 04:37:13,7,g,g,1,4,,BMed,2,68,88,,116,60.1,1,4,4
2022-05-02 04:37:13,7,g,g,1,4,,YMed,1,40,68,,116,60.1,1,4,4
2022-05-02 04:37:13,7,g,g,1,3,,YMed,3,77,104,,104,60.1,1,4,4
2022-05-02 04:37:12,7,g,g,1,3,,BMed,2,65,77,,104,60.1,1,4,4
2022-05-02 04:37:12,7,g,g,1,3,,YMed,1,40,65,,104,60.1,1,4,4
2022-05-02 04:37:12,7,g,g,1,2,,YMed,3,79,102,,102,60.1,1,4,4
2022-05-02 04:37:12,7,g,g,1,2,,BMed,2,60,79,,102,60.1,1,4,4
2022-05-02 04:37:12,7,g,g,1,2,,YMed,1,40,60,,102,60.1,1,4,4
2022-05-02 04:37:11,7,g,g,1,1,,BMed,4,85,106,,106,60.1,1,4,4
2022-05-02 04:37:11,7,g,g,1,1,,YMed,3,72,85,,106,60.1,1,4,4
2022-05-02 04:37:11,7,g,g,1,1,,BMed,2,52,72,,106,60.1,1,4,4
2022-05-02 04:37:11,7,g,g,1,1,,YMed,1,40,52,,106,60.1,1,4,4
2022-05-10 18:53:16,12,Oxley,bad teacher,1,2,,BMed,5,93,105,,105,90.01,1,4,4
2022-05-10 18:53:16,12,Oxley,bad teacher,1,3,,YMed,1,40,55,,102,90.01,1,4,4
2022-05-10 18:53:16,12,Oxley,bad teacher,1,3,,YMed,2,55,77,,102,90.01,1,4,4
2022-05-10 18:53:16,12,Oxley,bad teacher,1,3,,YMed,3,77,102,,102,90.01,1,4,4
2022-05-10 18:53:16,12,Oxley,bad teacher,1,4,,BMed,1,40,45,,106,90.01,1,4,4
2022-05-10 18:53:16,12,Oxley,bad teacher,1,4,,BMed,2,45,65,,106,90.01,1,4,4
2022-05-10 18:53:17,12,Oxley,bad teacher,1,4,,YMed,3,65,82,,106,90.01,1,4,4
2022-05-10 18:53:17,12,Oxley,bad teacher,1,4,,BMed,4,82,91,,106,90.01,1,4,4
2022-05-10 18:53:17,12,Oxley,bad teacher,1,4,,BMed,5,91,106,,106,90.01,1,4,4
2022-05-10 18:55:09,12,Oxley,bad teacher,2,1,,YMed,1,40,77,,107,86.46,1,6,6
2022-05-10 18:55:09,12,Oxley,bad teacher,2,1,,YMed,2,77,107,,107,86.46,1,6,6
2022-05-10 18:55:10,12,Oxley,bad teacher,2,2,,YMed,1,40,64,,117,86.46,1,6,6
2022-05-10 18:55:10,12,Oxley,bad teacher,2,2,,YMed,2,64,89,,117,86.46,1,6,6
2022-05-10 18:55:10,12,Oxley,bad teacher,2,2,,BMed,3,89,117,,117,86.46,1,6,6
2022-05-10 18:55:10,12,Oxley,bad teacher,2,3,,BMed,1,40,56,,123,86.46,1,6,6
2022-05-10 18:55:11,12,Oxley,bad teacher,2,3,,BMed,2,56,79,,123,86.46,1,6,6
2022-05-10 18:55:11,12,Oxley,bad teacher,2,3,,BMed,3,79,97,,123,86.46,1,6,6
2022-05-10 18:55:11,12,Oxley,bad teacher,2,3,,BMed,4,97,123,,123,86.46,1,6,6
2022-05-10 18:55:11,12,Oxley,bad teacher,2,4,,YMed,1,40,65,,109,86.46,1,6,6
2022-05-10 18:55:12,12,Oxley,bad teacher,2,4,,YMed,2,65,87,,109,86.46,1,6,6
2022-05-10 18:55:12,12,Oxley,bad teacher,2,4,,BMed,3,87,109,,109,86.46,1,6,6
2022-05-10 18:55:12,12,Oxley,bad teacher,2,5,,BMed,1,40,56,,130,86.46,1,6,6
2022-05-10 18:55:12,12,Oxley,bad teacher,2,5,,BMed,2,56,74,,130,86.46,1,6,6
2022-05-10 18:55:12,12,Oxley,bad teacher,2,5,,YMed,3,74,98,,130,86.46,1,6,6
2022-05-10 18:55:13,12,Oxley,bad teacher,2,5,,BMed,4,98,130,,130,86.46,1,6,6
2022-05-10 18:55:13,12,Oxley,bad teacher,2,6,,BMed,1,40,71,,126,86.46,1,6,6
2022-05-10 18:55:13,12,Oxley,bad teacher,2,6,,BMed,2,71,90,,126,86.46,1,6,6
2022-05-10 18:55:13,12,Oxley,bad teacher,2,6,,YMed,3,90,126,,126,86.46,1,6,6
2022-05-10 18:58:08,12,Oxley,bad teacher,3,1,,YMed,1,30,51,,63,140,0,2,5
2022-05-10 18:58:08,12,Oxley,bad teacher,3,1,,BMed,2,51,63,,63,140,0,2,5
2022-05-10 18:58:08,12,Oxley,bad teacher,3,1,,BMed,3,63,63,,63,140,0,2,5
2022-05-10 18:58:08,12,Oxley,bad teacher,3,1,,BMed,4,63,63,,63,140,0,2,5
2022-05-10 18:58:09,12,Oxley,bad teacher,3,2,,YMed,1,30,47,,104,140,0,2,5
2022-05-10 18:58:09,12,Oxley,bad teacher,3,2,,YMed,2,47,62,,104,140,0,2,5
2022-05-10 18:58:09,12,Oxley,bad teacher,3,2,,YMed,3,62,77,,104,140,0,2,5
2022-05-10 18:58:09,12,Oxley,bad teacher,3,2,,BMed,4,77,86,,104,140,0,2,5
2022-05-10 18:58:09,12,Oxley,bad teacher,3,2,,YMed,5,86,104,,104,140,0,2,5
2022-05-10 18:58:10,12,Oxley,bad teacher,3,3,,YMed,1,30,49,,101,140,0,2,5
2022-05-10 18:58:10,12,Oxley,bad teacher,3,3,,YMed,2,49,71,,101,140,0,2,5
2022-05-10 18:58:10,12,Oxley,bad teacher,3,3,,YMed,3,71,93,,101,140,0,2,5
2022-05-10 18:58:10,12,Oxley,bad teacher,3,3,,BMed,4,93,101,,101,140,0,2,5
2022-05-10 18:58:10,12,Oxley,bad teacher,3,4,,BMed,1,30,32,,46,140,0,2,5
2022-05-10 18:58:10,12,Oxley,bad teacher,3,4,,YMed,2,32,46,,46,140,0,2,5
2022-05-10 18:58:10,12,Oxley,bad teacher,3,4,,BMed,3,46,46,,46,140,0,2,5
2022-05-10 18:58:11,12,Oxley,bad teacher,3,4,,BMed,4,46,46,,46,140,0,2,5
2022-05-10 18:58:11,12,Oxley,bad teacher,3,5,,BMed,1,30,30,,44,140,0,2,5
2022-05-10 18:58:11,12,Oxley,bad teacher,3,5,,YMed,2,30,41,,44,140,0,2,5
2022-05-10 18:58:11,12,Oxley,bad teacher,3,5,,BMed,3,41,44,,44,140,0,2,5
2022-05-11 17:05:20,5,E,E,1,1,,YMed,1,40,54,,115,77.11,1,4,4
2022-05-11 17:05:20,5,E,E,1,1,,ComMed,2,54,81,,115,77.11,1,4,4
2022-05-11 17:05:21,5,E,E,1,1,,YMed,3,81,94,,115,77.11,1,4,4
2022-05-11 17:05:21,5,E,E,1,1,,YMed,4,94,115,,115,77.11,1,4,4
2022-05-11 17:05:21,5,E,E,1,2,,YMed,1,40,54,,111,77.11,1,4,4
2022-05-11 17:05:21,5,E,E,1,2,,ComMed,2,54,79,,111,77.11,1,4,4
2022-05-11 17:05:22,5,E,E,1,2,,BMed,3,79,101,,111,77.11,1,4,4
2022-05-11 17:05:22,5,E,E,1,3,,YMed,1,40,68,,115,77.11,1,4,4
2022-05-11 17:05:22,5,E,E,1,3,,BMed,2,68,91,,115,77.11,1,4,4
2022-05-11 17:05:22,5,E,E,1,3,,YMed,3,91,115,,115,77.11,1,4,4
2022-05-11 18:40:52,13,POGGER,poggers,0,1,,YMed,1,40,40,,117,69.12,1,2,2
2022-05-11 18:40:52,13,POGGER,poggers,0,1,,ComMed,2,40,41,,117,69.12,1,2,2
2022-05-11 18:40:52,13,POGGER,poggers,0,1,,YMed,3,41,73,,117,69.12,1,2,2
2022-05-11 18:40:53,13,POGGER,poggers,0,1,,BMed,4,73,117,,117,69.12,1,2,2
2022-05-11 18:40:53,13,POGGER,poggers,0,2,,BMed,1,40,69,,113,69.12,1,2,2
2022-05-11 18:40:53,13,POGGER,poggers,0,2,,BMed,2,69,81,,113,69.12,1,2,2
2022-05-11 18:40:54,13,POGGER,poggers,0,2,,BMed,3,81,113,,113,69.12,1,2,2
2022-05-12 11:16:04,14,iiijijijijjijijijijijijijijijiji,iiijijijijijijijijijijijijijijij,0,1,,YMed,1,40,40,,104,135.93,1,2,2
2022-05-12 11:16:04,14,iiijijijijjijijijijijijijijijiji,iiijijijijijijijijijijijijijijij,0,1,,ComMed,2,40,60,,104,135.93,1,2,2
2022-05-12 11:16:05,14,iiijijijijjijijijijijijijijijiji,iiijijijijijijijijijijijijijijij,0,1,,ComMed,3,60,74,,104,135.93,1,2,2
2022-05-12 11:16:05,14,iiijijijijjijijijijijijijijijiji,iiijijijijijijijijijijijijijijij,0,1,,BMed,4,74,74,,104,135.93,1,2,2
2022-05-12 11:16:05,14,iiijijijijjijijijijijijijijijiji,iiijijijijijijijijijijijijijijij,0,1,,ComMed,5,74,104,,104,135.93,1,2,2
2022-05-12 11:16:05,14,iiijijijijjijijijijijijijijijiji,iiijijijijijijijijijijijijijijij,0,2,,ComMed,1,40,60,,137,135.93,1,2,2
2022-05-12 11:16:05,14,iiijijijijjijijijijijijijijijiji,iiijijijijijijijijijijijijijijij,0,2,,ComMed,2,60,88,,137,135.93,1,2,2
2022-05-12 11:16:05,14,iiijijijijjijijijijijijijijijiji,iiijijijijijijijijijijijijijijij,0,2,,YMed,3,88,137,,137,135.93,1,2,2
2022-05-12 11:18:31,15,iiijijijijjijijijijijijijijijiji,iiijijijijijijijijijijijijijijij,3,1,,ComMed,1,30,55,,55,140,1,3,5
2022-05-12 11:18:31,15,iiijijijijjijijijijijijijijijiji,iiijijijijijijijijijijijijijijij,3,2,,YMed,1,30,37,,116,140,1,3,5
2022-05-12 11:18:31,15,iiijijijijjijijijijijijijijijiji,iiijijijijijijijijijijijijijijij,3,2,,ComMed,2,37,61,,116,140,1,3,5
2022-05-12 11:18:31,15,iiijijijijjijijijijijijijijijiji,iiijijijijijijijijijijijijijijij,3,2,,ComMed,3,61,94,,116,140,1,3,5
2022-05-12 11:18:32,15,iiijijijijjijijijijijijijijijiji,iiijijijijijijijijijijijijijijij,3,2,,YMed,4,94,116,,116,140,1,3,5
2022-05-12 11:18:32,15,iiijijijijjijijijijijijijijijiji,iiijijijijijijijijijijijijijijij,3,3,,ComMed,1,30,61,,119,140,1,3,5
2022-05-12 11:18:32,15,iiijijijijjijijijijijijijijijiji,iiijijijijijijijijijijijijijijij,3,3,,ComMed,2,61,89,,119,140,1,3,5
2022-05-12 11:18:32,15,iiijijijijjijijijijijijijijijiji,iiijijijijijijijijijijijijijijij,3,3,,ComMed,3,89,119,,119,140,1,3,5
2022-05-12 11:18:33,15,iiijijijijjijijijijijijijijijiji,iiijijijijijijijijijijijijijijij,3,4,,ComMed,1,30,55,,110,140,1,3,5
2022-05-12 11:18:33,15,iiijijijijjijijijijijijijijijiji,iiijijijijijijijijijijijijijijij,3,4,,ComMed,2,55,81,,110,140,1,3,5
2022-05-12 11:18:33,15,iiijijijijjijijijijijijijijijiji,iiijijijijijijijijijijijijijijij,3,4,,ComMed,3,81,110,,110,140,1,3,5
2022-05-12 12:55:55,16,ujcnde,cdjjjnf,0,1,,YMed,1,40,59,,111,104.22,1,2,2
2022-05-12 12:55:56,16,ujcnde,cdjjjnf,0,1,,YMed,2,59,84,,111,104.22,1,2,2
2022-05-12 12:55:56,16,ujcnde,cdjjjnf,0,1,,BMed,3,84,111,,111,104.22,1,2,2
2022-05-12 12:55:56,16,ujcnde,cdjjjnf,0,2,,ComMed,1,40,57,,131,104.22,1,2,2
2022-05-12 12:55:56,16,ujcnde,cdjjjnf,0,2,,ComMed,2,57,90,,131,104.22,1,2,2
2022-05-12 12:55:56,16,ujcnde,cdjjjnf,0,2,,BMed,3,90,131,,131,104.22,1,2,2
2022-05-12 13:00:01,17,unicorn,unicrons,1,1,,ComMed,1,40,64,,97,90,0,0,4
2022-05-12 13:00:01,17,unicorn,unicrons,1,1,,ComMed,2,64,97,,97,90,0,0,4
2022-05-12 13:00:02,17,unicorn,unicrons,1,2,,ComMed,1,40,79,,79,90,0,0,4
2022-05-12 13:00:02,17,unicorn,unicrons,1,3,,ComMed,1,40,78,,78,90,0,0,4
2022-05-12 15:43:12,5,E,E,3,1,,ComMed,1,30,69,,98,140,0,1,5
2022-05-12 15:43:13,5,E,E,3,1,,ComMed,2,69,98,,98,140,0,1,5
2022-05-12 15:43:13,5,E,E,3,2,,ComMed,1,30,58,,82,140,0,1,5
2022-05-12 15:43:14,5,E,E,3,2,,ComMed,2,58,82,,82,140,0,1,5
2022-05-15 16:28:16,18,1,1,0,1,,YMed,1,40,69,,112,179.23,1,2,2
2022-05-15 16:28:16,18,1,1,0,1,,BMed,2,69,91,,112,179.23,1,2,2
2022-05-15 16:28:16,18,1,1,0,1,,BMed,3,91,91,,112,179.23,1,2,2
2022-05-15 16:28:16,18,1,1,0,1,,ComMed,4,91,93,,112,179.23,1,2,2
2022-05-15 16:28:16,18,1,1,0,1,,BMed,5,93,112,,112,179.23,1,2,2
2022-05-15 16:28:16,18,1,1,0,2,,ComMed,1,40,76,,103,179.23,1,2,2
2022-05-15 16:28:17,18,1,1,0,2,,BMed,2,76,103,,103,179.23,1,2,2
2022-05-17 02:25:03,19,test,9990909,0,1,,YMed,1,40,65,,106,103.03,1,2,2
2022-05-17 02:25:04,19,test,9990909,0,1,,ComMed,2,65,106,,106,103.03,1,2,2
2022-05-17 02:25:04,19,test,9990909,0,2,,ComMed,1,40,72,,113,103.03,1,2,2
2022-05-17 02:25:04,19,test,9990909,0,2,,YMed,2,72,74,,113,103.03,1,2,2
2022-05-17 02:25:05,19,test,9990909,0,2,,BMed,3,74,74,,113,103.03,1,2,2
2022-05-17 02:25:05,19,test,9990909,0,2,,ComMed,4,74,113,,113,103.03,1,2,2
2022-05-17 02:27:32,19,test,9990909,3,1,,BMed,1,30,42,,104,140,0,2,5
2022-05-17 02:27:32,19,test,9990909,3,1,,BMed,2,42,42,,104,140,0,2,5
2022-05-17 02:27:33,19,test,9990909,3,1,,ComMed,3,42,75,,104,140,0,2,5
2022-05-17 02:27:33,19,test,9990909,3,1,,ComMed,4,75,104,,104,140,0,2,5
2022-05-17 02:27:33,19,test,9990909,3,2,,YMed,1,30,48,,116,140,0,2,5
2022-05-17 02:27:33,19,test,9990909,3,2,,YMed,2,48,59,,116,140,0,2,5
2022-05-17 02:27:34,19,test,9990909,3,2,,YMed,3,59,75,,116,140,0,2,5
2022-05-17 02:27:34,19,test,9990909,3,2,,YMed,4,75,92,,116,140,0,2,5
2022-05-17 02:27:34,19,test,9990909,3,2,,YMed,5,92,116,,116,140,0,2,5
2022-05-17 02:27:34,19,test,9990909,3,3,,YMed,1,30,53,,80,140,0,2,5
2022-05-17 02:27:34,19,test,9990909,3,3,,YMed,2,53,68,,80,140,0,2,5
2022-05-17 02:27:35,19,test,9990909,3,3,,YMed,3,68,80,,80,140,0,2,5
2022-05-17 02:27:35,19,test,9990909,3,4,,BMed,1,30,40,,98,140,0,2,5
2022-05-17 02:27:35,19,test,9990909,3,4,,BMed,2,40,44,,98,140,0,2,5
2022-05-17 02:27:35,19,test,9990909,3,4,,ComMed,3,44,77,,98,140,0,2,5
2022-05-17 02:27:36,19,test,9990909,3,4,,ComMed,4,77,98,,98,140,0,2,5
2022-05-17 02:27:36,19,test,9990909,3,5,,ComMed,1,30,51,,91,140,0,2,5
2022-05-17 02:27:36,19,test,9990909,3,5,,BMed,2,51,63,,91,140,0,2,5
2022-05-17 02:27:36,19,test,9990909,3,5,,ComMed,3,63,90,,91,140,0,2,5
2022-05-17 02:27:36,19,test,9990909,3,5,,BMed,4,90,91,,91,140,0,2,5
2022-05-17 11:08:14,20,idk,ok,0,1,,YMed,1,40,46,,114,69.84,1,2,2
2022-05-17 11:08:14,20,idk,ok,0,1,,ComMed,2,46,89,,114,69.84,1,2,2
2022-05-17 11:08:14,20,idk,ok,0,1,,ComMed,3,89,114,,114,69.84,1,2,2
2022-05-17 11:08:14,20,idk,ok,0,2,,BMed,1,40,51,,134,69.84,1,2,2
2022-05-17 11:08:14,20,idk,ok,0,2,,ComMed,2,51,97,,134,69.84,1,2,2
2022-05-17 11:08:15,20,idk,ok,0,2,,ComMed,3,97,134,,134,69.84,1,2,2
2022-05-17 11:09:57,20,idk,ok,1,1,,ComMed,1,40,73,,100,90,1,2,4
2022-05-17 11:09:57,20,idk,ok,1,1,,ComMed,2,73,100,,100,90,1,2,4
2022-05-17 11:09:57,20,idk,ok,1,2,,ComMed,1,40,63,,91,90,1,2,4
2022-05-17 11:09:58,20,idk,ok,1,2,,ComMed,2,63,91,,91,90,1,2,4
2022-05-18 18:39:11,18,1,1,0,1,,YMed,1,40,46,,140,210.96,1,2,2
2022-05-18 18:39:11,18,1,1,0,1,,ComMed,2,46,63,,140,210.96,1,2,2
2022-05-18 18:39:12,18,1,1,0,1,,BMed,3,63,63,,140,210.96,1,2,2
2022-05-18 18:39:12,18,1,1,0,1,,ComMed,4,63,63,,140,210.96,1,2,2
2022-05-18 18:39:12,18,1,1,0,1,,YMed,5,63,90,,140,210.96,1,2,2
2022-05-18 18:39:12,18,1,1,0,1,,YMed,6,90,91,,140,210.96,1,2,2
2022-05-18 18:39:12,18,1,1,0,1,,BMed,7,91,91,,140,210.96,1,2,2
2022-05-18 18:39:13,18,1,1,0,1,,ComMed,8,91,97,,140,210.96,1,2,2
2022-05-18 18:39:13,18,1,1,0,1,,ComMed,9,97,140,,140,210.96,1,2,2
2022-05-18 18:39:13,18,1,1,0,2,,BMed,1,40,62,,105,210.96,1,2,2
2022-05-18 18:39:13,18,1,1,0,2,,BMed,2,62,105,,105,210.96,1,2,2
2022-05-18 18:40:52,18,1,1,1,1,,YMed,1,40,56,,91,90,0,1,4
2022-05-18 18:40:52,18,1,1,1,1,,YMed,2,56,74,,91,90,0,1,4
2022-05-18 18:40:52,18,1,1,1,1,,YMed,3,74,91,,91,90,0,1,4
2022-05-18 18:40:53,18,1,1,1,2,,BMed,1,40,61,,88,90,0,1,4
2022-05-18 18:40:53,18,1,1,1,2,,BMed,2,61,73,,88,90,0,1,4
2022-05-18 18:40:53,18,1,1,1,2,,BMed,3,73,88,,88,90,0,1,4
2022-05-18 18:40:53,18,1,1,1,3,,YMed,1,40,60,,90,90,0,1,4
2022-05-18 18:40:54,18,1,1,1,3,,YMed,2,60,73,,90,90,0,1,4
2022-05-18 18:40:54,18,1,1,1,3,,YMed,3,73,90,,90,90,0,1,4
2022-05-18 18:40:54,18,1,1,1,4,,BMed,1,40,56,,101,90,0,1,4
2022-05-18 18:40:54,18,1,1,1,4,,BMed,2,56,77,,101,90,0,1,4
2022-05-18 18:40:54,18,1,1,1,4,,BMed,3,77,101,,101,90,0,1,4
2022-05-18 18:42:25,18,1,1,1,1,,BMed,1,40,47,,47,90,1,2,4
2022-05-18 18:42:25,18,1,1,1,2,,BMed,1,40,49,,114,90,1,2,4
2022-05-18 18:42:25,18,1,1,1,2,,YMed,2,49,71,,114,90,1,2,4
2022-05-18 18:42:26,18,1,1,1,2,,YMed,3,71,86,,114,90,1,2,4
2022-05-18 18:42:26,18,1,1,1,2,,YMed,4,86,98,,114,90,1,2,4
2022-05-18 18:42:26,18,1,1,1,2,,YMed,5,98,114,,114,90,1,2,4
2022-05-18 18:42:26,18,1,1,1,3,,BMed,1,40,63,,103,90,1,2,4
2022-05-18 18:42:26,18,1,1,1,3,,BMed,2,63,71,,103,90,1,2,4
2022-05-18 18:42:26,18,1,1,1,3,,BMed,3,71,93,,103,90,1,2,4
2022-05-18 18:42:26,18,1,1,1,3,,BMed,4,93,103,,103,90,1,2,4
2022-05-18 18:42:27,18,1,1,1,4,,BMed,1,40,54,,54,90,1,2,4
2022-05-25 15:16:46,21,11,2,0,1,,YMed,1,40,66,,109,45.71,1,2,2
2022-05-25 15:16:46,21,11,2,0,1,,BMed,2,66,75,,109,45.71,1,2,2
2022-05-25 15:16:46,21,11,2,0,1,,YMed,3,75,109,,109,45.71,1,2,2
2022-05-25 15:16:47,21,11,2,0,2,,BMed,1,40,78,,111,45.71,1,2,2
2022-05-25 15:16:47,21,11,2,0,2,,YMed,2,78,111,,111,45.71,1,2,2
2022-05-25 15:18:24,21,11,2,1,1,,YMed,1,40,56,,103,90,1,3,4
2022-05-25 15:18:25,21,11,2,1,1,,YMed,2,56,85,,103,90,1,3,4
2022-05-25 15:18:25,21,11,2,1,1,,YMed,3,85,97,,103,90,1,3,4
2022-05-25 15:18:25,21,11,2,1,1,,BMed,4,97,103,,103,90,1,3,4
2022-05-25 15:18:26,21,11,2,1,2,,BMed,1,40,47,,81,90,1,3,4
2022-05-25 15:18:26,21,11,2,1,2,,BMed,2,47,62,,81,90,1,3,4
2022-05-25 15:18:26,21,11,2,1,2,,YMed,3,62,74,,81,90,1,3,4
2022-05-31 20:01:16,22,Ryo,MAP22,0,1,,YMed,1,40,67,,105,207.79,1,2,2
2022-05-31 20:01:16,22,Ryo,MAP22,0,1,,YMed,2,67,71,,105,207.79,1,2,2
2022-05-31 20:01:16,22,Ryo,MAP22,0,1,,BMed,3,71,82,,105,207.79,1,2,2
2022-05-31 20:01:17,22,Ryo,MAP22,0,1,,BMed,4,82,91,,105,207.79,1,2,2
2022-05-31 20:01:17,22,Ryo,MAP22,0,1,,ComMed,5,91,91,,105,207.79,1,2,2
2022-05-31 20:04:43,22,Ryo,MAP22,3,1,,YMed,1,30,47,,47,140,0,0,5
2022-05-31 20:04:43,22,Ryo,MAP22,3,2,,YMed,1,30,46,,46,140,0,0,5
2022-05-31 20:04:43,22,Ryo,MAP22,3,3,,YMed,1,30,39,,39,140,0,0,5
2022-05-31 20:04:44,22,Ryo,MAP22,3,4,,BMed,1,30,30,,52,140,0,0,5
2022-05-31 20:04:44,22,Ryo,MAP22,3,4,,YMed,2,30,52,,52,140,0,0,5
2022-05-31 20:04:44,22,Ryo,MAP22,3,5,,BMed,1,30,30,,30,140,0,0,5
2022-05-31 20:06:14,22,Ryo,MAP22,2,1,,ComMed,1,40,89,,116,84.78,1,6,6
2022-05-31 20:06:14,22,Ryo,MAP22,2,1,,BMed,2,89,116,,116,84.78,1,6,6
2022-05-31 20:06:14,22,Ryo,MAP22,2,2,,BMed,1,40,62,,108,84.78,1,6,6
2022-05-31 20:06:14,22,Ryo,MAP22,2,2,,ComMed,2,62,108,,108,84.78,1,6,6
2022-05-31 20:06:15,22,Ryo,MAP22,2,3,,BMed,1,40,55,,115,84.78,1,6,6
2022-05-31 20:06:15,22,Ryo,MAP22,2,3,,YMed,2,55,83,,115,84.78,1,6,6
2022-05-31 20:06:15,22,Ryo,MAP22,2,3,,BMed,3,83,115,,115,84.78,1,6,6
2022-05-31 21:00:53,23,Li,MAP22,0,1,,YMed,1,40,54,,133,281.98,1,2,2
2022-05-31 21:00:53,23,Li,MAP22,0,1,,ComMed,2,54,54,,133,281.98,1,2,2
2022-05-31 21:00:53,23,Li,MAP22,0,1,,YMed,3,54,72,,133,281.98,1,2,2
2022-05-31 21:00:53,23,Li,MAP22,0,1,,YMed,4,72,72,,133,281.98,1,2,2
2022-05-31 21:00:54,23,Li,MAP22,0,1,,YMed,5,72,72,,133,281.98,1,2,2
2022-05-31 21:00:54,23,Li,MAP22,0,1,,YMed,6,72,79,,133,281.98,1,2,2
2022-05-31 21:00:54,23,Li,MAP22,0,1,,BMed,7,79,95,,133,281.98,1,2,2
2022-05-31 21:00:54,23,Li,MAP22,0,2,,YMed,1,40,40,,127,281.98,1,2,2
2022-05-31 21:00:54,23,Li,MAP22,0,2,,BMed,2,40,55,,127,281.98,1,2,2
2022-05-31 21:00:55,23,Li,MAP22,0,2,,BMed,3,55,91,,127,281.98,1,2,2
2022-05-31 21:00:55,23,Li,MAP22,0,2,,YMed,4,91,91,,127,281.98,1,2,2
2022-05-31 21:00:55,23,Li,MAP22,0,2,,ComMed,5,91,127,,127,281.98,1,2,2
2022-05-31 21:03:08,23,Li,MAP22,1,1,,YMed,1,40,50,,118,90,1,2,4
2022-05-31 21:03:09,23,Li,MAP22,1,1,,YMed,2,50,66,,118,90,1,2,4
2022-05-31 21:03:09,23,Li,MAP22,1,1,,BMed,3,66,82,,118,90,1,2,4
2022-05-31 21:03:09,23,Li,MAP22,1,1,,ComMed,4,82,118,,118,90,1,2,4
2022-05-31 21:03:09,23,Li,MAP22,1,2,,BMed,1,40,56,,111,90,1,2,4
2022-05-31 21:03:09,23,Li,MAP22,1,2,,BMed,2,56,62,,111,90,1,2,4
2022-05-31 21:03:10,23,Li,MAP22,1,2,,YMed,3,62,84,,111,90,1,2,4
2022-05-31 21:03:10,23,Li,MAP22,1,2,,ComMed,4,84,111,,111,90,1,2,4
2022-05-31 21:03:10,23,Li,MAP22,1,3,,YMed,1,40,59,,79,90,1,2,4
2022-05-31 21:03:10,23,Li,MAP22,1,3,,YMed,2,59,79,,79,90,1,2,4
2022-05-31 21:03:10,23,Li,MAP22,1,4,,BMed,1,40,61,,80,90,1,2,4
2022-05-31 21:03:11,23,Li,MAP22,1,4,,BMed,2,61,80,,80,90,1,2,4
2022-05-31 21:05:45,23,Li,MAP22,1,1,,YMed,1,40,53,,53,90,0,0,4
2022-06-01 06:32:32,24,fjad,MAP22,0,1,,YMed,1,40,84,,120,131.49,1,2,2
2022-06-01 06:32:32,24,fjad,MAP22,0,1,,YMed,2,84,120,,120,131.49,1,2,2
2022-06-01 06:32:32,24,fjad,MAP22,0,2,,ComMed,1,40,40,,116,131.49,1,2,2
2022-06-01 06:32:33,24,fjad,MAP22,0,2,,BMed,2,40,41,,116,131.49,1,2,2
2022-06-01 06:32:33,24,fjad,MAP22,0,2,,YMed,3,41,50,,116,131.49,1,2,2
2022-06-01 06:32:33,24,fjad,MAP22,0,2,,YMed,4,50,79,,116,131.49,1,2,2
2022-06-01 06:32:33,24,fjad,MAP22,0,2,,BMed,5,79,79,,116,131.49,1,2,2
2022-06-01 06:32:33,24,fjad,MAP22,0,2,,YMed,6,79,116,,116,131.49,1,2,2
2022-06-01 06:34:51,24,fjad,MAP22,1,1,,YMed,1,40,51,,124,90,1,3,4
2022-06-01 06:34:51,24,fjad,MAP22,1,1,,YMed,2,51,75,,124,90,1,3,4
2022-06-01 06:34:52,24,fjad,MAP22,1,1,,YMed,3,75,98,,124,90,1,3,4
2022-06-01 06:34:52,24,fjad,MAP22,1,1,,ComMed,4,98,124,,124,90,1,3,4
2022-06-01 06:34:52,24,fjad,MAP22,1,2,,YMed,1,40,60,,74,90,1,3,4
2022-06-01 06:34:52,24,fjad,MAP22,1,2,,YMed,2,60,74,,74,90,1,3,4
2022-06-01 06:34:52,24,fjad,MAP22,1,3,,YMed,1,40,68,,102,90,1,3,4
2022-06-01 06:34:53,24,fjad,MAP22,1,3,,YMed,2,68,95,,102,90,1,3,4
2022-06-01 06:34:53,24,fjad,MAP22,1,3,,BMed,3,95,102,,102,90,1,3,4
2022-06-01 06:34:53,24,fjad,MAP22,1,4,,YMed,1,40,59,,101,90,1,3,4
2022-06-01 06:34:53,24,fjad,MAP22,1,4,,BMed,2,59,64,,101,90,1,3,4
2022-06-01 06:34:53,24,fjad,MAP22,1,4,,YMed,3,64,91,,101,90,1,3,4
2022-06-01 06:34:53,24,fjad,MAP22,1,4,,BMed,4,91,101,,101,90,1,3,4
2022-06-01 06:41:30,24,fjad,MAP22,2,1,,YMed,1,40,76,,110,85.57,1,6,6
2022-06-01 06:41:30,24,fjad,MAP22,2,1,,BMed,2,76,110,,110,85.57,1,6,6
2022-06-01 06:41:30,24,fjad,MAP22,2,2,,BMed,1,40,57,,104,85.57,1,6,6
2022-06-01 06:41:31,24,fjad,MAP22,2,2,,ComMed,2,57,104,,104,85.57,1,6,6
2022-06-01 06:41:31,24,fjad,MAP22,2,3,,BMed,1,40,58,,141,85.57,1,6,6
2022-06-01 06:41:31,24,fjad,MAP22,2,3,,BMed,2,58,86,,141,85.57,1,6,6
2022-06-01 06:41:31,24,fjad,MAP22,2,3,,ComMed,3,86,141,,141,85.57,1,6,6
2022-06-01 06:41:31,24,fjad,MAP22,2,4,,YMed,1,40,68,,100,85.57,1,6,6
2022-06-01 06:41:31,24,fjad,MAP22,2,4,,YMed,2,68,100,,100,85.57,1,6,6
2022-06-01 06:41:31,24,fjad,MAP22,2,5,,BMed,1,40,56,,132,85.57,1,6,6
2022-06-01 06:41:32,24,fjad,MAP22,2,5,,YMed,2,56,81,,132,85.57,1,6,6
2022-06-01 06:44:17,24,fjad,MAP22,3,1,,BMed,1,30,43,,111,140,1,3,5
2022-06-01 06:44:17,24,fjad,MAP22,3,1,,ComMed,2,43,76,,111,140,1,3,5
2022-06-01 06:44:17,24,fjad,MAP22,3,1,,ComMed,3,76,111,,111,140,1,3,5
2022-06-01 06:44:17,24,fjad,MAP22,3,2,,YMed,1,30,47,,117,140,1,3,5
2022-06-01 06:44:18,24,fjad,MAP22,3,2,,YMed,2,47,52,,117,140,1,3,5
2022-06-01 06:44:18,24,fjad,MAP22,3,2,,ComMed,3,52,83,,117,140,1,3,5
2022-06-01 06:44:18,24,fjad,MAP22,3,2,,ComMed,4,83,117,,117,140,1,3,5
2022-06-01 06:44:18,24,fjad,MAP22,3,4,,YMed,1,30,45,,112,140,1,3,5
2022-06-01 06:44:18,24,fjad,MAP22,3,4,,ComMed,2,45,76,,112,140,1,3,5
2022-06-01 06:44:18,24,fjad,MAP22,3,4,,ComMed,3,76,112,,112,140,1,3,5
2022-06-01 06:44:18,24,fjad,MAP22,3,5,,BMed,1,30,30,,60,140,1,3,5
2022-06-01 06:44:19,24,fjad,MAP22,3,5,,ComMed,2,30,60,,60,140,1,3,5
2022-06-01 08:06:05,25,test,test,3,1,,ComMed,1,30,61,,109,140,1,3,5
2022-06-01 08:06:05,25,test,test,3,1,,ComMed,2,61,93,,109,140,1,3,5
2022-06-01 08:06:06,25,test,test,3,1,,YMed,3,93,109,,109,140,1,3,5
2022-06-01 08:06:06,25,test,test,3,2,,ComMed,1,30,69,,112,140,1,3,5
2022-06-01 08:06:06,25,test,test,3,2,,ComMed,2,69,89,,112,140,1,3,5
2022-06-01 08:06:06,25,test,test,3,2,,YMed,3,89,96,,112,140,1,3,5
2022-06-01 08:06:07,25,test,test,3,2,,YMed,4,96,112,,112,140,1,3,5
2022-06-01 08:06:07,25,test,test,3,3,,ComMed,1,30,52,,100,140,1,3,5
2022-06-01 08:06:07,25,test,test,3,3,,ComMed,2,52,86,,100,140,1,3,5
2022-06-01 18:29:05,7,g,g,2,1,,YMed,1,40,68,,126,65.22,1,6,6
2022-06-01 18:29:05,7,g,g,2,1,,ComMed,2,68,126,,126,65.22,1,6,6
2022-06-01 18:29:05,7,g,g,2,2,,ComMed,1,40,89,,126,65.22,1,6,6
2022-06-01 18:29:05,7,g,g,2,2,,YMed,2,89,126,,126,65.22,1,6,6
2022-06-01 18:29:05,7,g,g,2,3,,BMed,1,40,70,,109,65.22,1,6,6
2022-06-01 18:29:06,7,g,g,2,3,,BMed,2,70,94,,109,65.22,1,6,6
2022-06-01 18:29:06,7,g,g,2,3,,BMed,3,94,109,,109,65.22,1,6,6
2022-06-01 18:29:06,7,g,g,2,4,,YMed,1,40,77,,109,65.22,1,6,6
2022-06-02 14:27:44,7,g,g,0,1,,YMed,1,40,82,,118,86.63,1,2,2
2022-06-02 14:27:44,7,g,g,0,1,,ComMed,2,82,118,,118,86.63,1,2,2
2022-06-02 14:27:45,7,g,g,0,2,,ComMed,1,40,59,,110,86.63,1,2,2
2022-06-02 14:27:45,7,g,g,0,2,,YMed,2,59,71,,110,86.63,1,2,2
2022-06-02 14:27:45,7,g,g,0,2,,BMed,3,71,110,,110,86.63,1,2,2
2022-06-03 01:41:58,7,g,g,2,1,,YMed,1,40,60,,100,89.33,1,6,6
2022-06-03 01:41:58,7,g,g,2,1,,YMed,2,60,80,,100,89.33,1,6,6
2022-06-03 01:41:58,7,g,g,2,1,,BMed,3,80,100,,100,89.33,1,6,6
2022-06-03 01:41:58,7,g,g,2,2,,YMed,1,40,74,,120,89.33,1,6,6
2022-06-03 01:41:59,7,g,g,2,2,,ComMed,2,74,120,,120,89.33,1,6,6
2022-06-03 01:41:59,7,g,g,2,3,,ComMed,1,40,88,,103,89.33,1,6,6
2022-06-03 01:41:59,7,g,g,2,3,,BMed,2,88,103,,103,89.33,1,6,6
2022-06-03 01:45:42,7,g,g,3,1,,YMed,1,30,50,,106,140,1,3,5
2022-06-03 01:45:42,7,g,g,3,1,,ComMed,2,50,74,,106,140,1,3,5
2022-06-03 01:45:42,7,g,g,3,1,,ComMed,3,74,106,,106,140,1,3,5
2022-06-03 01:45:42,7,g,g,3,2,,YMed,1,30,51,,101,140,1,3,5
2022-06-03 01:45:42,7,g,g,3,2,,ComMed,2,51,88,,101,140,1,3,5
2022-06-03 01:45:43,7,g,g,3,2,,YMed,3,88,101,,101,140,1,3,5
2022-06-03 01:45:43,7,g,g,3,3,,BMed,1,30,30,,98,140,1,3,5
2022-06-03 01:45:43,7,g,g,3,3,,ComMed,2,30,58,,98,140,1,3,5
2022-06-03 19:13:53,26,jdnfsd,sdlndskld,0,1,,YMed,1,40,65,,101,66.04,1,2,2
2022-06-03 19:13:53,26,jdnfsd,sdlndskld,0,1,,YMed,2,65,101,,101,66.04,1,2,2
2022-06-03 19:13:54,26,jdnfsd,sdlndskld,0,2,,ComMed,1,40,46,,104,66.04,1,2,2
2022-06-03 19:13:54,26,jdnfsd,sdlndskld,0,2,,YMed,2,46,85,,104,66.04,1,2,2
2022-06-03 19:13:54,26,jdnfsd,sdlndskld,0,2,,BMed,3,85,104,,104,66.04,1,2,2
2022-06-03 19:15:06,26,jdnfsd,sdlndskld,1,1,,YMed,1,40,62,,106,62.11,1,4,4
2022-06-03 19:15:06,26,jdnfsd,sdlndskld,1,1,,YMed,2,62,80,,106,62.11,1,4,4
2022-06-03 19:15:06,26,jdnfsd,sdlndskld,1,1,,YMed,3,80,106,,106,62.11,1,4,4
2022-06-03 19:15:07,26,jdnfsd,sdlndskld,1,2,,BMed,1,40,61,,111,62.11,1,4,4
2022-06-03 19:15:07,26,jdnfsd,sdlndskld,1,2,,BMed,2,61,78,,111,62.11,1,4,4
2022-06-03 19:15:07,26,jdnfsd,sdlndskld,1,2,,YMed,3,78,97,,111,62.11,1,4,4
2022-06-03 19:15:07,26,jdnfsd,sdlndskld,1,2,,BMed,4,97,111,,111,62.11,1,4,4
2022-06-03 19:15:07,26,jdnfsd,sdlndskld,1,3,,YMed,1,40,53,,109,62.11,1,4,4
2022-06-06 19:37:57,27,Hamza,Summer22,0,1,,YMed,1,40,47,,130,178.5,1,2,2
2022-06-06 19:37:57,27,Hamza,Summer22,0,1,,ComMed,2,47,62,,130,178.5,1,2,2
2022-06-06 19:37:58,27,Hamza,Summer22,0,1,,YMed,3,62,89,,130,178.5,1,2,2
2022-06-06 19:37:58,27,Hamza,Summer22,0,1,,YMed,4,89,89,,130,178.5,1,2,2
2022-06-06 19:37:58,27,Hamza,Summer22,0,1,,YMed,5,89,130,,130,178.5,1,2,2
2022-06-06 19:37:58,27,Hamza,Summer22,0,2,,ComMed,1,40,40,,125,178.5,1,2,2
2022-06-06 19:37:59,27,Hamza,Summer22,0,2,,ComMed,2,40,40,,125,178.5,1,2,2
2022-06-06 19:39:37,27,Hamza,Summer22,1,1,,YMed,1,40,54,,54,90,0,0,4
2022-06-06 19:39:37,27,Hamza,Summer22,1,2,,BMed,1,40,60,,88,90,0,0,4
2022-06-06 19:39:37,27,Hamza,Summer22,1,2,,ComMed,2,60,88,,88,90,0,0,4
2022-06-06 19:39:38,27,Hamza,Summer22,1,3,,YMed,1,40,55,,55,90,0,0,4
2022-06-06 19:39:38,27,Hamza,Summer22,1,4,,ComMed,1,40,66,,66,90,0,0,4
2022-06-06 19:41:09,27,Hamza,Summer22,1,1,,ComMed,1,40,65,,65,90,1,2,4
2022-06-06 19:41:09,27,Hamza,Summer22,1,2,,ComMed,1,40,73,,108,90,1,2,4
2022-06-06 19:41:10,27,Hamza,Summer22,1,2,,ComMed,2,73,108,,108,90,1,2,4
2022-06-06 19:41:10,27,Hamza,Summer22,1,4,,BMed,1,40,52,,111,90,1,2,4
2022-06-06 19:41:10,27,Hamza,Summer22,1,4,,ComMed,2,52,89,,111,90,1,2,4
2022-06-06 19:42:47,27,Hamza,Summer22,2,1,,YMed,1,40,65,,119,90,1,4,6
2022-06-06 19:42:47,27,Hamza,Summer22,2,1,,ComMed,2,65,119,,119,90,1,4,6
2022-06-06 19:42:48,27,Hamza,Summer22,2,2,,ComMed,1,40,93,,114,90,1,4,6
2022-06-06 19:42:48,27,Hamza,Summer22,2,2,,BMed,2,93,114,,114,90,1,4,6
2022-06-06 19:42:48,27,Hamza,Summer22,2,3,,BMed,1,40,55,,55,90,1,4,6
2022-06-06 19:42:48,27,Hamza,Summer22,2,4,,YMed,1,40,61,,61,90,1,4,6
2022-06-06 19:42:49,27,Hamza,Summer22,2,5,,ComMed,1,40,102,,102,90,1,4,6
2022-06-06 19:42:49,27,Hamza,Summer22,2,6,,ComMed,1,40,92,,113,90,1,4,6
2022-06-06 19:42:49,27,Hamza,Summer22,2,6,,BMed,2,92,113,,113,90,1,4,6
2022-06-06 20:58:23,7,g,g,1,1,,YMed,1,40,54,,110,85.03,1,4,4
2022-06-06 20:58:24,7,g,g,1,1,,YMed,2,54,64,,110,85.03,1,4,4
2022-06-06 20:58:25,7,g,g,1,1,,BMed,3,64,72,,110,85.03,1,4,4
2022-06-06 20:58:25,7,g,g,1,1,,ComMed,4,72,93,,110,85.03,1,4,4
2022-06-06 20:58:26,7,g,g,1,1,,BMed,5,93,110,,110,85.03,1,4,4
2022-06-06 20:58:26,7,g,g,1,2,,BMed,1,40,55,,107,85.03,1,4,4
2022-06-06 20:58:27,7,g,g,1,2,,YMed,2,55,84,,107,85.03,1,4,4
2022-06-06 20:58:27,7,g,g,1,2,,BMed,3,84,107,,107,85.03,1,4,4
2022-06-06 20:58:27,7,g,g,1,3,,YMed,1,40,50,,110,85.03,1,4,4
2022-06-06 20:58:27,7,g,g,1,3,,YMed,2,50,78,,110,85.03,1,4,4
2022-06-06 20:58:27,7,g,g,1,3,,YMed,3,78,95,,110,85.03,1,4,4
2022-06-06 20:58:27,7,g,g,1,3,,YMed,4,95,110,,110,85.03,1,4,4
2022-06-06 20:58:28,7,g,g,1,4,,YMed,1,40,69,,112,85.03,1,4,4
2022-06-06 22:58:48,7,g,g,1,1,,YMed,1,40,53,,82,90,0,0,4
2022-06-06 22:58:48,7,g,g,1,1,,ComMed,2,53,82,,82,90,0,0,4
2022-06-06 22:58:50,7,g,g,1,2,,ComMed,1,40,65,,98,90,0,0,4
2022-06-06 22:58:50,7,g,g,1,2,,ComMed,2,65,98,,98,90,0,0,4
2022-06-06 22:58:50,7,g,g,1,3,,ComMed,1,40,76,,76,90,0,0,4
2022-06-06 23:00:44,7,g,g,1,1,,ComMed,1,40,78,,90,90,1,2,4
2022-06-06 23:00:44,7,g,g,1,1,,YMed,2,78,90,,90,90,1,2,4
2022-06-06 23:00:45,7,g,g,1,2,,ComMed,1,40,77,,106,90,1,2,4
2022-06-06 23:00:45,7,g,g,1,2,,ComMed,2,77,106,,106,90,1,2,4
2022-06-06 23:00:46,7,g,g,1,3,,ComMed,1,40,74,,116,90,1,2,4
2022-06-06 23:00:46,7,g,g,1,3,,ComMed,2,74,98,,116,90,1,2,4
2022-06-06 23:00:47,7,g,g,1,3,,BMed,3,98,116,,116,90,1,2,4
2022-06-06 23:00:47,7,g,g,1,4,,ComMed,1,40,76,,98,90,1,2,4
2022-06-06 23:00:48,7,g,g,1,4,,BMed,2,76,98,,98,90,1,2,4
2022-06-06 23:07:08,7,g,g,1,1,,YMed,1,40,57,,74,90,0,0,4
2022-06-06 23:07:08,7,g,g,1,1,,YMed,2,57,74,,74,90,0,0,4
2022-06-06 23:07:09,7,g,g,1,2,,YMed,1,40,53,,88,90,0,0,4
2022-06-06 23:07:09,7,g,g,1,2,,BMed,2,53,66,,88,90,0,0,4
2022-06-06 23:07:09,7,g,g,1,2,,YMed,3,66,88,,88,90,0,0,4
2022-06-06 23:07:09,7,g,g,1,3,,YMed,1,40,65,,77,90,0,0,4
2022-06-06 23:07:10,7,g,g,1,3,,BMed,2,65,77,,77,90,0,0,4
2022-06-06 23:07:10,7,g,g,1,4,,YMed,1,40,56,,78,90,0,0,4
2022-06-06 23:07:10,7,g,g,1,4,,BMed,2,56,78,,78,90,0,0,4
2022-06-07 07:54:39,28,quynh,map22,0,1,,YMed,1,40,55,,108,63.78,1,2,2
2022-06-07 07:55:58,28,quynh,map22,1,1,,YMed,1,40,53,,118,72.75,1,4,4
2022-06-07 07:55:58,28,quynh,map22,1,1,,BMed,2,53,61,,118,72.75,1,4,4
2022-06-07 07:55:58,28,quynh,map22,1,1,,ComMed,3,61,92,,118,72.75,1,4,4
2022-06-07 07:55:59,28,quynh,map22,1,1,,YMed,4,92,118,,118,72.75,1,4,4
2022-06-07 07:55:59,28,quynh,map22,1,2,,BMed,1,40,64,,112,72.75,1,4,4
2022-06-07 07:56:00,28,quynh,map22,1,2,,YMed,2,64,87,,112,72.75,1,4,4
2022-06-07 07:56:00,28,quynh,map22,1,2,,BMed,3,87,92,,112,72.75,1,4,4
2022-06-07 07:56:00,28,quynh,map22,1,2,,BMed,4,92,112,,112,72.75,1,4,4
2022-06-07 07:56:01,28,quynh,map22,1,3,,YMed,1,40,57,,117,72.75,1,4,4
2022-06-07 07:56:01,28,quynh,map22,1,3,,ComMed,2,57,88,,117,72.75,1,4,4
2022-06-07 07:56:02,28,quynh,map22,1,3,,YMed,3,88,117,,117,72.75,1,4,4
2022-06-07 07:56:02,28,quynh,map22,1,4,,BMed,1,40,54,,116,72.75,1,4,4
2022-06-07 07:56:02,28,quynh,map22,1,4,,YMed,2,54,81,,116,72.75,1,4,4
2022-06-07 07:56:03,28,quynh,map22,1,4,,BMed,3,81,97,,116,72.75,1,4,4
2022-06-07 07:56:03,28,quynh,map22,1,4,,BMed,4,97,116,,116,72.75,1,4,4
2022-06-07 07:58:49,28,quynh,map22,2,1,,YMed,1,40,74,,101,58.82,1,6,6
2022-06-07 08:01:15,28,quynh,map22,3,1,,YMed,1,30,53,,105,140,0,2,5
2022-06-07 08:03:36,28,quynh,map22,3,1,,ComMed,1,30,57,,83,140,1,4,5
2022-06-07 08:03:36,28,quynh,map22,3,1,,ComMed,2,57,83,,83,140,1,4,5
2022-06-07 08:03:37,28,quynh,map22,3,2,,ComMed,1,30,66,,112,140,1,4,5
2022-06-07 08:03:37,28,quynh,map22,3,2,,ComMed,2,66,99,,112,140,1,4,5
2022-06-07 08:03:38,28,quynh,map22,3,2,,YMed,3,99,112,,112,140,1,4,5
2022-06-07 08:03:38,28,quynh,map22,3,3,,ComMed,1,30,51,,100,140,1,4,5
2022-06-07 08:03:39,28,quynh,map22,3,3,,ComMed,2,51,72,,100,140,1,4,5
2022-06-07 08:03:39,28,quynh,map22,3,3,,ComMed,3,72,100,,100,140,1,4,5
2022-06-07 08:03:39,28,quynh,map22,3,4,,ComMed,1,30,66,,108,140,1,4,5
2022-06-07 08:03:40,28,quynh,map22,3,4,,ComMed,2,66,98,,108,140,1,4,5
2022-06-07 08:03:40,28,quynh,map22,3,4,,YMed,3,98,108,,108,140,1,4,5
2022-06-07 08:03:41,28,quynh,map22,3,5,,ComMed,1,30,51,,108,140,1,4,5
2022-06-07 08:03:41,28,quynh,map22,3,5,,ComMed,2,51,82,,108,140,1,4,5
2022-06-07 08:03:42,28,quynh,map22,3,5,,ComMed,3,82,108,,108,140,1,4,5
2022-06-07 08:07:09,28,quynh,map22,3,1,,YMed,1,30,40,,40,140,0,0,5
2022-06-07 08:07:10,28,quynh,map22,3,2,,YMed,1,30,40,,56,140,0,0,5
2022-06-07 08:07:11,28,quynh,map22,3,2,,YMed,2,40,56,,56,140,0,0,5
2022-06-07 18:47:36,30,1234,DeLo10,2,1,,YMed,1,40,63,,110,90,0,2,6
2022-06-07 18:47:36,30,1234,DeLo10,2,1,,YMed,2,63,84,,110,90,0,2,6
2022-06-07 18:47:36,30,1234,DeLo10,2,1,,YMed,3,84,110,,110,90,0,2,6
2022-06-07 18:47:36,30,1234,DeLo10,2,2,,YMed,1,40,73,,100,90,0,2,6
2022-06-07 18:47:37,30,1234,DeLo10,2,2,,YMed,2,73,100,,100,90,0,2,6
2022-06-07 18:47:37,30,1234,DeLo10,2,3,,BMed,1,40,66,,95,90,0,2,6
2022-06-07 18:47:37,30,1234,DeLo10,2,3,,YMed,2,66,95,,95,90,0,2,6
2022-06-07 18:47:37,30,1234,DeLo10,2,4,,YMed,1,40,77,,77,90,0,2,6
2022-06-07 18:47:37,30,1234,DeLo10,2,5,,YMed,1,40,61,,61,90,0,2,6
2022-06-07 18:47:38,30,1234,DeLo10,2,6,,YMed,1,40,73,,73,90,0,2,6
2022-06-07 18:48:05,31,BryceD,DeLo10,2,1,,YMed,1,40,77,,136,90,0,2,6
2022-06-07 18:48:06,31,BryceD,DeLo10,2,1,,YMed,2,77,97,,136,90,0,2,6
2022-06-07 18:48:06,31,BryceD,DeLo10,2,1,,YMed,3,97,136,,136,90,0,2,6
2022-06-07 18:48:33,33,lilyfloss,delo10,2,1,,YMed,1,40,69,,138,90,0,2,6
2022-06-07 18:48:33,33,lilyfloss,delo10,2,1,,YMed,2,69,90,,138,90,0,2,6
2022-06-07 18:48:34,33,lilyfloss,delo10,2,1,,YMed,3,90,114,,138,90,0,2,6
2022-06-07 18:48:34,33,lilyfloss,delo10,2,1,,YMed,4,114,138,,138,90,0,2,6
2022-06-07 18:48:34,33,lilyfloss,delo10,2,4,,YMed,1,40,67,,103,90,0,2,6
2022-06-07 18:48:34,33,lilyfloss,delo10,2,4,,YMed,2,67,103,,103,90,0,2,6
2022-06-07 18:48:37,34,cpatz,DeLo10,2,1,,YMed,1,40,68,,134,90,0,3,6
2022-06-07 18:48:37,34,cpatz,DeLo10,2,1,,YMed,2,68,98,,134,90,0,3,6
2022-06-07 18:48:38,34,cpatz,DeLo10,2,1,,YMed,3,98,134,,134,90,0,3,6
2022-06-07 18:48:38,35,jamieb,DeLo10,2,2,,BMed,1,40,72,,102,90,0,2,6
2022-06-07 18:48:38,34,cpatz,DeLo10,2,2,,YMed,1,40,73,,144,90,0,3,6
2022-06-07 18:48:38,35,jamieb,DeLo10,2,2,,BMed,2,72,102,,102,90,0,2,6
2022-06-07 18:48:39,34,cpatz,DeLo10,2,2,,YMed,2,73,107,,144,90,0,3,6
2022-06-07 18:48:39,35,jamieb,DeLo10,2,3,,BMed,1,40,74,,116,90,0,2,6
2022-06-07 18:48:39,34,cpatz,DeLo10,2,2,,YMed,3,107,144,,144,90,0,3,6
2022-06-07 18:48:39,35,jamieb,DeLo10,2,3,,BMed,2,74,98,,116,90,0,2,6
2022-06-07 18:48:40,34,cpatz,DeLo10,2,4,,YMed,1,40,75,,108,90,0,3,6
2022-06-07 18:48:40,35,jamieb,DeLo10,2,3,,BMed,3,98,116,,116,90,0,2,6
2022-06-07 18:48:46,36,molliep,DeLo10,2,1,,YMed,1,40,71,,137,90,0,2,6
2022-06-07 18:48:46,36,molliep,DeLo10,2,1,,YMed,2,71,100,,137,90,0,2,6
2022-06-07 18:48:47,36,molliep,DeLo10,2,1,,YMed,3,100,137,,137,90,0,2,6
2022-06-07 18:48:47,36,molliep,DeLo10,2,4,,YMed,1,40,74,,127,90,0,2,6
2022-06-07 18:48:47,36,molliep,DeLo10,2,4,,YMed,2,74,107,,127,90,0,2,6
2022-06-07 18:48:47,36,molliep,DeLo10,2,4,,YMed,3,107,127,,127,90,0,2,6
2022-06-07 18:48:47,36,molliep,DeLo10,2,5,,YMed,1,40,67,,92,90,0,2,6
2022-06-07 18:48:48,36,molliep,DeLo10,2,5,,YMed,2,67,92,,92,90,0,2,6
2022-06-07 18:48:48,37,JosephS,DeLo10,2,1,,YMed,1,40,79,,79,90,0,0,6
2022-06-07 18:48:49,37,JosephS,DeLo10,2,2,,YMed,1,40,71,,71,90,0,0,6
2022-06-07 18:48:49,37,JosephS,DeLo10,2,3,,YMed,1,40,75,,75,90,0,0,6
2022-06-07 18:48:49,37,JosephS,DeLo10,2,4,,YMed,1,40,63,,63,90,0,0,6
2022-06-07 18:48:49,37,JosephS,DeLo10,2,5,,YMed,1,40,77,,77,90,0,0,6
2022-06-07 18:48:50,37,JosephS,DeLo10,2,6,,YMed,1,40,60,,60,90,0,0,6
2022-06-07 18:48:56,38,EvanV,DeLo10,2,1,,YMed,1,40,61,,148,90,0,1,6
2022-06-07 18:48:56,38,EvanV,DeLo10,2,1,,YMed,2,61,84,,148,90,0,1,6
2022-06-07 18:48:56,38,EvanV,DeLo10,2,1,,YMed,3,84,116,,148,90,0,1,6
2022-06-07 18:48:56,38,EvanV,DeLo10,2,1,,YMed,4,116,148,,148,90,0,1,6
2022-06-07 18:49:01,39,Cwood,delo10,2,1,,YMed,1,40,71,,102,90,0,1,6
2022-06-07 18:49:01,39,Cwood,delo10,2,1,,YMed,2,71,102,,102,90,0,1,6
2022-06-07 18:49:01,39,Cwood,delo10,2,2,,YMed,1,40,66,,90,90,0,1,6
2022-06-07 18:49:02,39,Cwood,delo10,2,2,,YMed,2,66,90,,90,90,0,1,6
2022-06-07 18:49:02,39,Cwood,delo10,2,3,,YMed,1,40,79,,79,90,0,1,6
2022-06-07 18:49:02,39,Cwood,delo10,2,4,,YMed,1,40,76,,76,90,0,1,6
2022-06-07 18:49:02,39,Cwood,delo10,2,5,,YMed,1,40,69,,69,90,0,1,6
2022-06-07 18:49:02,29,Josh,DeLo10,2,4,,YMed,1,40,75,,114,90,0,1,6
2022-06-07 18:49:03,39,Cwood,delo10,2,6,,YMed,1,40,72,,72,90,0,1,6
2022-06-07 18:49:03,29,Josh,DeLo10,2,4,,YMed,2,75,114,,114,90,0,1,6
2022-06-07 18:49:07,40,JRyan15,DeLo10,2,1,,YMed,1,40,79,,114,90,0,2,6
2022-06-07 18:49:07,40,JRyan15,DeLo10,2,1,,YMed,2,79,114,,114,90,0,2,6
2022-06-07 18:49:08,40,JRyan15,DeLo10,2,2,,YMed,1,40,75,,125,90,0,2,6
2022-06-07 18:49:08,40,JRyan15,DeLo10,2,2,,YMed,2,75,98,,125,90,0,2,6
2022-06-07 18:49:08,40,JRyan15,DeLo10,2,2,,YMed,3,98,125,,125,90,0,2,6
2022-06-07 18:50:02,32,Liv,DeLo10,2,2,,BMed,1,40,64,,118,90,0,2,6
2022-06-07 18:50:03,32,Liv,DeLo10,2,3,,BMed,1,40,67,,127,90,0,2,6
2022-06-07 18:50:07,41,samm,Delo10,2,1,,YMed,1,40,60,,140,90,0,3,6
2022-06-07 18:50:08,41,samm,Delo10,2,1,,YMed,2,60,98,,140,90,0,3,6
2022-06-07 18:50:08,41,samm,Delo10,2,1,,YMed,3,98,118,,140,90,0,3,6
2022-06-07 18:50:08,41,samm,Delo10,2,2,,YMed,1,40,65,,94,90,0,3,6
2022-06-07 18:50:08,41,samm,Delo10,2,2,,YMed,2,65,94,,94,90,0,3,6
2022-06-07 18:50:09,41,samm,Delo10,2,4,,YMed,1,40,69,,156,90,0,3,6
2022-06-07 18:50:09,41,samm,Delo10,2,4,,YMed,2,69,95,,156,90,0,3,6
2022-06-07 18:50:09,41,samm,Delo10,2,4,,YMed,3,95,132,,156,90,0,3,6
2022-06-07 18:50:09,41,samm,Delo10,2,4,,YMed,4,132,156,,156,90,0,3,6
2022-06-07 18:50:20,31,BryceD,DeLo10,2,1,,BMed,1,40,70,,70,90,1,4,6
2022-06-07 18:50:20,31,BryceD,DeLo10,2,2,,BMed,1,40,68,,102,90,1,4,6
2022-06-07 18:50:20,31,BryceD,DeLo10,2,2,,BMed,2,68,102,,102,90,1,4,6
2022-06-07 18:50:21,31,BryceD,DeLo10,2,3,,BMed,1,40,59,,116,90,1,4,6
2022-06-07 18:50:21,36,molliep,DeLo10,2,1,,YMed,1,40,60,,124,90,0,2,6
2022-06-07 18:50:21,31,BryceD,DeLo10,2,3,,BMed,2,59,88,,116,90,1,4,6
2022-06-07 18:50:22,36,molliep,DeLo10,2,1,,YMed,2,60,88,,124,90,0,2,6
2022-06-07 18:50:22,31,BryceD,DeLo10,2,3,,BMed,3,88,116,,116,90,1,4,6
2022-06-07 18:50:22,36,molliep,DeLo10,2,1,,YMed,3,88,124,,124,90,0,2,6
2022-06-07 18:50:22,31,BryceD,DeLo10,2,4,,BMed,1,40,67,,67,90,1,4,6
2022-06-07 18:50:22,30,1234,DeLo10,2,1,,YMed,1,40,76,,100,90,0,3,6
2022-06-07 18:50:23,30,1234,DeLo10,2,2,,YMed,1,40,72,,117,90,0,3,6
2022-06-07 18:50:23,37,JosephS,DeLo10,2,1,,YMed,1,40,63,,95,90,0,1,6
2022-06-07 18:50:24,37,JosephS,DeLo10,2,1,,YMed,2,63,95,,95,90,0,1,6
2022-06-07 18:50:24,37,JosephS,DeLo10,2,2,,YMed,1,40,68,,104,90,0,1,6
2022-06-07 18:50:24,30,1234,DeLo10,2,2,,YMed,2,72,97,,117,90,0,3,6
2022-06-07 18:50:24,37,JosephS,DeLo10,2,2,,YMed,2,68,104,,104,90,0,1,6
2022-06-07 18:50:25,37,JosephS,DeLo10,2,3,,YMed,1,40,61,,61,90,0,1,6
2022-06-07 18:50:25,37,JosephS,DeLo10,2,4,,YMed,1,40,60,,82,90,0,1,6
2022-06-07 18:50:25,37,JosephS,DeLo10,2,4,,YMed,2,60,82,,82,90,0,1,6
2022-06-07 18:50:25,30,1234,DeLo10,2,2,,YMed,3,97,117,,117,90,0,3,6
2022-06-07 18:50:25,37,JosephS,DeLo10,2,5,,YMed,1,40,67,,95,90,0,1,6
2022-06-07 18:50:26,37,JosephS,DeLo10,2,5,,YMed,2,67,95,,95,90,0,1,6
2022-06-07 18:50:26,37,JosephS,DeLo10,2,6,,YMed,1,40,64,,64,90,0,1,6
2022-06-07 18:50:26,30,1234,DeLo10,2,4,,YMed,1,40,74,,137,90,0,3,6
2022-06-07 18:50:26,30,1234,DeLo10,2,4,,YMed,2,74,98,,137,90,0,3,6
2022-06-07 18:50:27,30,1234,DeLo10,2,4,,YMed,3,98,137,,137,90,0,3,6
2022-06-07 18:50:37,39,Cwood,delo10,2,1,,YMed,1,40,68,,127,90,0,2,6
2022-06-07 18:50:37,39,Cwood,delo10,2,1,,YMed,2,68,89,,127,90,0,2,6
2022-06-07 18:50:37,39,Cwood,delo10,2,1,,YMed,3,89,127,,127,90,0,2,6
2022-06-07 18:50:38,39,Cwood,delo10,2,2,,YMed,1,40,68,,152,90,0,2,6
2022-06-07 18:50:38,39,Cwood,delo10,2,2,,YMed,2,68,95,,152,90,0,2,6
2022-06-07 18:50:38,39,Cwood,delo10,2,2,,YMed,3,95,122,,152,90,0,2,6
2022-06-07 18:50:50,38,EvanV,DeLo10,2,1,,YMed,1,40,71,,135,90,0,2,6
2022-06-07 18:50:51,38,EvanV,DeLo10,2,1,,YMed,2,71,107,,135,90,0,2,6
2022-06-07 18:50:51,38,EvanV,DeLo10,2,4,,YMed,1,40,72,,126,90,0,2,6
2022-06-07 18:50:51,38,EvanV,DeLo10,2,4,,YMed,2,72,101,,126,90,0,2,6
2022-06-07 18:50:52,38,EvanV,DeLo10,2,4,,YMed,3,101,126,,126,90,0,2,6
2022-06-07 18:50:54,34,cpatz,DeLo10,2,1,,YMed,1,40,79,,106,61.13,1,6,6
2022-06-07 18:50:54,34,cpatz,DeLo10,2,1,,YMed,2,79,106,,106,61.13,1,6,6
2022-06-07 18:50:54,34,cpatz,DeLo10,2,2,,YMed,1,40,61,,121,61.13,1,6,6
2022-06-07 18:50:55,34,cpatz,DeLo10,2,2,,YMed,2,61,95,,121,61.13,1,6,6
2022-06-07 18:50:55,34,cpatz,DeLo10,2,2,,YMed,3,95,121,,121,61.13,1,6,6
2022-06-07 18:50:55,34,cpatz,DeLo10,2,3,,BMed,1,40,62,,117,61.13,1,6,6
2022-06-07 18:50:55,34,cpatz,DeLo10,2,3,,BMed,2,62,88,,117,61.13,1,6,6
2022-06-07 18:50:55,34,cpatz,DeLo10,2,3,,BMed,3,88,117,,117,61.13,1,6,6
2022-06-07 18:50:56,34,cpatz,DeLo10,2,4,,YMed,1,40,65,,127,61.13,1,6,6
2022-06-07 18:50:56,34,cpatz,DeLo10,2,4,,YMed,2,65,96,,127,61.13,1,6,6
2022-06-07 18:50:56,34,cpatz,DeLo10,2,4,,BMed,3,96,127,,127,61.13,1,6,6
2022-06-07 18:50:56,40,JRyan15,DeLo10,2,1,,YMed,1,40,71,,101,90,0,2,6
2022-06-07 18:50:57,34,cpatz,DeLo10,2,5,,BMed,1,40,73,,106,61.13,1,6,6
2022-06-07 18:50:57,40,JRyan15,DeLo10,2,1,,YMed,2,71,101,,101,90,0,2,6
2022-06-07 18:50:57,34,cpatz,DeLo10,2,5,,BMed,2,73,106,,106,61.13,1,6,6
2022-06-07 18:50:57,40,JRyan15,DeLo10,2,2,,YMed,1,40,70,,145,90,0,2,6
2022-06-07 18:50:57,40,JRyan15,DeLo10,2,2,,YMed,2,70,107,,145,90,0,2,6
2022-06-07 18:50:58,34,cpatz,DeLo10,2,6,,BMed,1,40,57,,114,61.13,1,6,6
2022-06-07 18:50:58,40,JRyan15,DeLo10,2,2,,YMed,3,107,145,,145,90,0,2,6
2022-06-07 18:50:59,34,cpatz,DeLo10,2,6,,BMed,2,57,90,,114,61.13,1,6,6
2022-06-07 18:51:01,34,cpatz,DeLo10,2,6,,BMed,3,90,114,,114,61.13,1,6,6
2022-06-07 18:51:42,32,Liv,DeLo10,2,1,,YMed,1,40,61,,144,90,0,2,6
2022-06-07 18:51:42,32,Liv,DeLo10,2,1,,YMed,2,61,84,,144,90,0,2,6
2022-06-07 18:51:43,32,Liv,DeLo10,2,1,,YMed,3,84,116,,144,90,0,2,6
2022-06-07 18:51:43,32,Liv,DeLo10,2,1,,YMed,4,116,144,,144,90,0,2,6
2022-06-07 18:51:57,37,JosephS,DeLo10,2,1,,YMed,1,40,66,,91,90,0,2,6
2022-06-07 18:51:58,37,JosephS,DeLo10,2,1,,YMed,2,66,91,,91,90,0,2,6
2022-06-07 18:51:58,37,JosephS,DeLo10,2,2,,YMed,1,40,60,,96,90,0,2,6
2022-06-07 18:51:58,37,JosephS,DeLo10,2,2,,YMed,2,60,96,,96,90,0,2,6
2022-06-07 18:51:58,37,JosephS,DeLo10,2,3,,YMed,1,40,67,,104,90,0,2,6
2022-06-07 18:51:59,37,JosephS,DeLo10,2,3,,YMed,2,67,104,,104,90,0,2,6
2022-06-07 18:51:59,37,JosephS,DeLo10,2,4,,YMed,1,40,79,,113,90,0,2,6
2022-06-07 18:51:59,37,JosephS,DeLo10,2,4,,YMed,2,79,113,,113,90,0,2,6
2022-06-07 18:51:59,37,JosephS,DeLo10,2,5,,YMed,1,40,62,,86,90,0,2,6
2022-06-07 18:51:59,37,JosephS,DeLo10,2,5,,YMed,2,62,86,,86,90,0,2,6
2022-06-07 18:51:59,37,JosephS,DeLo10,2,6,,YMed,1,40,68,,91,90,0,2,6
2022-06-07 18:52:00,37,JosephS,DeLo10,2,6,,YMed,2,68,91,,91,90,0,2,6
2022-06-07 18:52:06,31,BryceD,DeLo10,2,1,,YMed,1,40,75,,125,90,1,4,6
2022-06-07 18:52:06,42,sully,delo10,1,1,,YMed,1,40,54,,76,90,0,0,4
2022-06-07 18:52:06,42,sully,delo10,1,1,,YMed,2,54,76,,76,90,0,0,4
2022-06-07 18:52:07,42,sully,delo10,1,2,,BMed,1,40,63,,94,90,0,0,4
2022-06-07 18:52:07,31,BryceD,DeLo10,2,1,,YMed,2,75,99,,125,90,1,4,6
2022-06-07 18:52:07,42,sully,delo10,1,2,,BMed,2,63,78,,94,90,0,0,4
2022-06-07 18:52:07,42,sully,delo10,1,2,,BMed,3,78,94,,94,90,0,0,4
2022-06-07 18:52:07,42,sully,delo10,1,3,,BMed,1,40,47,,94,90,0,0,4
2022-06-07 18:52:08,42,sully,delo10,1,3,,YMed,2,47,65,,94,90,0,0,4
2022-06-07 18:52:08,42,sully,delo10,1,3,,YMed,3,65,94,,94,90,0,0,4
2022-06-07 18:52:08,31,BryceD,DeLo10,2,1,,YMed,3,99,125,,125,90,1,4,6
2022-06-07 18:52:08,42,sully,delo10,1,4,,BMed,1,40,55,,98,90,0,0,4
2022-06-07 18:52:08,42,sully,delo10,1,4,,BMed,2,55,75,,98,90,0,0,4
2022-06-07 18:52:09,42,sully,delo10,1,4,,YMed,3,75,98,,98,90,0,0,4
2022-06-07 18:52:09,31,BryceD,DeLo10,2,3,,BMed,1,40,61,,122,90,1,4,6
2022-06-07 18:52:10,31,BryceD,DeLo10,2,4,,YMed,1,40,79,,104,90,1,4,6
2022-06-07 18:52:11,31,BryceD,DeLo10,2,4,,YMed,2,79,104,,104,90,1,4,6
2022-06-07 18:52:12,31,BryceD,DeLo10,2,6,,BMed,1,40,73,,130,90,1,4,6
2022-06-07 18:52:13,31,BryceD,DeLo10,2,6,,BMed,2,73,90,,130,90,1,4,6
2022-06-07 18:52:14,31,BryceD,DeLo10,2,6,,BMed,3,90,106,,130,90,1,4,6
2022-06-07 18:52:31,40,JRyan15,DeLo10,2,1,,BMed,1,40,57,,57,90,0,2,6
2022-06-07 18:52:31,40,JRyan15,DeLo10,2,2,,BMed,1,40,72,,125,90,0,2,6
2022-06-07 18:52:32,40,JRyan15,DeLo10,2,2,,BMed,2,72,90,,125,90,0,2,6
2022-06-07 18:52:32,40,JRyan15,DeLo10,2,2,,BMed,3,90,108,,125,90,0,2,6
2022-06-07 18:52:41,41,samm,Delo10,2,3,,BMed,1,40,67,,135,90,0,2,6
2022-06-07 18:52:45,41,samm,Delo10,2,3,,BMed,2,67,82,,135,90,0,2,6
2022-06-07 18:52:53,41,samm,Delo10,2,6,,BMed,1,40,60,,140,90,0,2,6
2022-06-07 18:52:56,41,samm,Delo10,2,6,,BMed,2,60,83,,140,90,0,2,6
2022-06-07 18:53:15,32,Liv,DeLo10,2,3,,BMed,1,40,72,,131,90,0,2,6
2022-06-07 18:53:16,32,Liv,DeLo10,2,3,,BMed,2,72,103,,131,90,0,2,6
2022-06-07 18:53:17,32,Liv,DeLo10,2,3,,BMed,3,103,131,,131,90,0,2,6
2022-06-07 18:53:18,32,Liv,DeLo10,2,6,,BMed,1,40,64,,111,90,0,2,6
2022-06-07 18:53:19,32,Liv,DeLo10,2,6,,BMed,2,64,81,,111,90,0,2,6
2022-06-07 18:53:20,32,Liv,DeLo10,2,6,,BMed,3,81,111,,111,90,0,2,6
2022-06-07 18:53:30,37,JosephS,DeLo10,2,1,,BMed,1,40,57,,120,90,0,3,6
2022-06-07 18:53:30,37,JosephS,DeLo10,2,1,,BMed,2,57,89,,120,90,0,3,6
2022-06-07 18:53:31,37,JosephS,DeLo10,2,1,,BMed,3,89,120,,120,90,0,3,6
2022-06-07 18:53:31,37,JosephS,DeLo10,2,2,,BMed,1,40,73,,96,90,0,3,6
2022-06-07 18:53:31,37,JosephS,DeLo10,2,2,,BMed,2,73,96,,96,90,0,3,6
2022-06-07 18:53:31,37,JosephS,DeLo10,2,3,,BMed,1,40,70,,104,90,0,3,6
2022-06-07 18:53:31,37,JosephS,DeLo10,2,3,,BMed,2,70,104,,104,90,0,3,6
2022-06-07 18:53:32,37,JosephS,DeLo10,2,4,,BMed,1,40,65,,113,90,0,3,6
2022-06-07 18:53:32,37,JosephS,DeLo10,2,4,,BMed,2,65,84,,113,90,0,3,6
2022-06-07 18:53:32,37,JosephS,DeLo10,2,4,,BMed,3,84,113,,113,90,0,3,6
2022-06-07 18:53:32,37,JosephS,DeLo10,2,5,,BMed,1,40,73,,96,90,0,3,6
2022-06-07 18:53:32,37,JosephS,DeLo10,2,5,,BMed,2,73,96,,96,90,0,3,6
2022-06-07 18:53:33,37,JosephS,DeLo10,2,6,,BMed,1,40,74,,99,90,0,3,6
2022-06-07 18:53:33,37,JosephS,DeLo10,2,6,,BMed,2,74,99,,99,90,0,3,6
2022-06-07 18:53:40,42,sully,delo10,1,1,,YMed,1,40,68,,127,90,1,2,4
2022-06-07 18:53:40,42,sully,delo10,1,1,,YMed,2,68,91,,127,90,1,2,4
2022-06-07 18:53:41,42,sully,delo10,1,1,,BMed,3,91,103,,127,90,1,2,4
2022-06-07 18:53:41,42,sully,delo10,1,1,,YMed,4,103,127,,127,90,1,2,4
2022-06-07 18:53:41,42,sully,delo10,1,2,,BMed,1,40,53,,98,90,1,2,4
2022-06-07 18:53:41,42,sully,delo10,1,2,,YMed,2,53,80,,98,90,1,2,4
2022-06-07 18:53:41,42,sully,delo10,1,2,,BMed,3,80,91,,98,90,1,2,4
2022-06-07 18:53:41,42,sully,delo10,1,2,,BMed,4,91,98,,98,90,1,2,4
2022-06-07 18:53:42,42,sully,delo10,1,3,,YMed,1,40,68,,113,90,1,2,4
2022-06-07 18:53:42,42,sully,delo10,1,3,,YMed,2,68,82,,113,90,1,2,4
2022-06-07 18:53:42,42,sully,delo10,1,4,,BMed,1,40,45,,45,90,1,2,4
2022-06-07 18:58:02,35,jamieb,DeLo10,2,1,,YMed,1,40,65,,128,90,0,2,6
2022-06-07 18:58:02,35,jamieb,DeLo10,2,1,,YMed,2,65,98,,128,90,0,2,6
2022-06-07 18:58:03,35,jamieb,DeLo10,2,1,,YMed,3,98,128,,128,90,0,2,6
2022-06-07 18:58:03,35,jamieb,DeLo10,2,2,,YMed,1,40,65,,128,90,0,2,6
2022-06-07 18:58:03,35,jamieb,DeLo10,2,2,,YMed,2,65,99,,128,90,0,2,6
2022-06-07 18:58:03,35,jamieb,DeLo10,2,2,,YMed,3,99,128,,128,90,0,2,6
2022-06-07 18:58:11,40,JRyan15,DeLo10,3,1,,YMed,1,30,47,,66,140,0,0,5
2022-06-07 18:58:11,40,JRyan15,DeLo10,3,1,,YMed,2,47,66,,66,140,0,0,5
2022-06-07 18:58:12,40,JRyan15,DeLo10,3,2,,YMed,1,30,50,,76,140,0,0,5
2022-06-07 18:58:12,40,JRyan15,DeLo10,3,2,,YMed,2,50,59,,76,140,0,0,5
2022-06-07 18:58:12,40,JRyan15,DeLo10,3,2,,BMed,3,59,59,,76,140,0,0,5
2022-06-07 18:58:12,40,JRyan15,DeLo10,3,2,,YMed,4,59,76,,76,140,0,0,5
2022-06-07 18:58:37,42,sully,delo10,2,1,,YMed,1,40,68,,168,71.56,1,6,6
2022-06-07 18:58:37,42,sully,delo10,2,1,,YMed,2,68,99,,168,71.56,1,6,6
2022-06-07 18:58:38,42,sully,delo10,2,1,,YMed,3,99,134,,168,71.56,1,6,6
2022-06-07 18:58:38,42,sully,delo10,2,1,,YMed,4,134,168,,168,71.56,1,6,6
2022-06-07 18:58:38,42,sully,delo10,2,2,,BMed,1,40,68,,130,71.56,1,6,6
2022-06-07 18:58:38,42,sully,delo10,2,2,,BMed,2,68,99,,130,71.56,1,6,6
2022-06-07 18:58:38,42,sully,delo10,2,2,,BMed,3,99,130,,130,71.56,1,6,6
2022-06-07 18:58:39,42,sully,delo10,2,3,,BMed,1,40,65,,110,71.56,1,6,6
2022-06-07 18:58:39,42,sully,delo10,2,3,,BMed,2,65,82,,110,71.56,1,6,6
2022-06-07 18:58:39,42,sully,delo10,2,3,,BMed,3,82,110,,110,71.56,1,6,6
2022-06-07 18:58:39,42,sully,delo10,2,4,,YMed,1,40,75,,182,71.56,1,6,6
2022-06-07 18:58:39,42,sully,delo10,2,4,,YMed,2,75,113,,182,71.56,1,6,6
2022-06-07 18:58:39,42,sully,delo10,2,4,,YMed,3,113,152,,182,71.56,1,6,6
2022-06-07 18:58:40,42,sully,delo10,2,4,,YMed,4,152,182,,182,71.56,1,6,6
2022-06-07 18:58:40,42,sully,delo10,2,5,,BMed,1,40,65,,111,71.56,1,6,6
2022-06-07 18:58:40,42,sully,delo10,2,5,,BMed,2,65,89,,111,71.56,1,6,6
2022-06-07 18:58:40,42,sully,delo10,2,5,,BMed,3,89,111,,111,71.56,1,6,6
2022-06-07 18:58:40,42,sully,delo10,2,6,,BMed,1,40,62,,120,71.56,1,6,6
2022-06-07 18:58:40,42,sully,delo10,2,6,,BMed,2,62,78,,120,71.56,1,6,6
2022-06-07 18:58:41,42,sully,delo10,2,6,,BMed,3,78,95,,120,71.56,1,6,6
2022-06-07 18:58:41,42,sully,delo10,2,6,,BMed,4,95,120,,120,71.56,1,6,6
2022-06-07 20:58:46,7,g,g,0,1,,YMed,1,40,40,,125,169.18,1,2,2
2022-06-07 20:58:46,7,g,g,0,1,,YMed,2,40,57,,125,169.18,1,2,2
2022-06-07 20:58:46,7,g,g,0,1,,YMed,3,57,78,,125,169.18,1,2,2
2022-06-07 20:58:46,7,g,g,0,1,,YMed,4,78,125,,125,169.18,1,2,2
2022-06-07 20:58:46,7,g,g,0,2,,ComMed,1,40,73,,105,169.18,1,2,2
2022-06-07 20:58:47,7,g,g,0,2,,YMed,2,73,105,,105,169.18,1,2,2
2022-06-07 22:11:38,7,g,g,0,1,,ComMed,1,40,40,,117,77.49,1,2,2
2022-06-07 22:11:38,7,g,g,0,1,,ComMed,2,40,72,,117,77.49,1,2,2
2022-06-07 22:11:39,7,g,g,0,1,,BMed,3,72,117,,117,77.49,1,2,2
2022-06-07 22:11:39,7,g,g,0,2,,ComMed,1,40,70,,106,77.49,1,2,2
2022-06-07 22:11:39,7,g,g,0,2,,YMed,2,70,81,,106,77.49,1,2,2
2022-06-07 22:11:39,7,g,g,0,2,,BMed,3,81,106,,106,77.49,1,2,2
2022-06-07 22:13:33,44,Admin,Admin,0,1,,YMed,1,40,78,,106,137.07,1,2,2
2022-06-07 22:13:33,44,Admin,Admin,0,1,,YMed,2,78,106,,106,137.07,1,2,2
2022-06-07 22:13:33,44,Admin,Admin,0,2,,ComMed,1,40,61,,119,137.07,1,2,2
2022-06-07 22:13:33,44,Admin,Admin,0,2,,YMed,2,61,61,,119,137.07,1,2,2
2022-06-07 22:13:34,44,Admin,Admin,0,2,,ComMed,3,61,66,,119,137.07,1,2,2
2022-06-07 22:13:34,44,Admin,Admin,0,2,,BMed,4,66,91,,119,137.07,1,2,2
2022-06-07 22:13:34,44,Admin,Admin,0,2,,YMed,5,91,119,,119,137.07,1,2,2
2022-06-07 22:16:56,44,Admin,Admin,1,1,,YMed,1,40,63,,113,90,1,2,4
2022-06-07 22:16:56,44,Admin,Admin,1,1,,YMed,2,63,84,,113,90,1,2,4
2022-06-07 22:16:57,44,Admin,Admin,1,1,,YMed,3,84,113,,113,90,1,2,4
2022-06-07 22:16:57,44,Admin,Admin,1,2,,BMed,1,40,58,,99,90,1,2,4
2022-06-07 22:16:57,44,Admin,Admin,1,2,,ComMed,2,58,80,,99,90,1,2,4
2022-06-07 22:16:57,44,Admin,Admin,1,2,,BMed,3,80,91,,99,90,1,2,4
2022-06-07 22:16:57,44,Admin,Admin,1,2,,BMed,4,91,99,,99,90,1,2,4
2022-06-07 22:16:58,44,Admin,Admin,1,3,,YMed,1,40,61,,110,90,1,2,4
2022-06-07 22:16:58,44,Admin,Admin,1,3,,YMed,2,61,88,,110,90,1,2,4
2022-06-07 22:16:58,44,Admin,Admin,1,3,,YMed,3,88,99,,110,90,1,2,4
2022-06-07 22:16:58,44,Admin,Admin,1,3,,YMed,4,99,110,,110,90,1,2,4
2022-06-07 22:16:58,44,Admin,Admin,1,4,,BMed,1,40,55,,90,90,1,2,4
2022-06-07 22:16:59,44,Admin,Admin,1,4,,ComMed,2,55,90,,90,90,1,2,4
2022-06-07 22:19:01,44,Admin,Admin,1,1,,ComMed,1,40,74,,92,90,0,0,4
2022-06-07 22:19:01,44,Admin,Admin,1,1,,YMed,2,74,92,,92,90,0,0,4
2022-06-07 22:19:01,44,Admin,Admin,1,2,,ComMed,1,40,71,,97,90,0,0,4
2022-06-07 22:19:01,44,Admin,Admin,1,2,,BMed,2,71,90,,97,90,0,0,4
2022-06-07 22:19:01,44,Admin,Admin,1,2,,BMed,3,90,97,,97,90,0,0,4
2022-06-07 22:19:02,44,Admin,Admin,1,3,,ComMed,1,40,74,,92,90,0,0,4
2022-06-07 22:19:02,44,Admin,Admin,1,3,,YMed,2,74,92,,92,90,0,0,4
2022-06-16 21:41:22,51,test11,test11,1,1,,YMed,3,80,91,,115,69.78,1,4,4
2022-06-07 22:19:02,44,Admin,Admin,1,4,,ComMed,1,40,75,,86,90,0,0,4
2022-06-07 22:19:02,44,Admin,Admin,1,4,,BMed,2,75,81,,86,90,0,0,4
2022-06-07 22:19:02,44,Admin,Admin,1,4,,BMed,3,81,86,,86,90,0,0,4
2022-06-07 22:21:07,44,Admin,Admin,1,1,,YMed,1,40,57,,68,90,0,1,4
2022-06-07 22:21:08,44,Admin,Admin,1,1,,YMed,2,57,68,,68,90,0,1,4
2022-06-07 22:21:09,44,Admin,Admin,1,2,,BMed,1,40,56,,56,90,0,1,4
2022-06-07 22:21:10,44,Admin,Admin,1,3,,YMed,1,40,62,,105,90,0,1,4
2022-06-07 22:21:11,44,Admin,Admin,1,3,,YMed,2,62,85,,105,90,0,1,4
2022-06-07 22:21:12,44,Admin,Admin,1,3,,YMed,3,85,105,,105,90,0,1,4
2022-06-07 22:21:13,44,Admin,Admin,1,4,,BMed,1,40,62,,62,90,0,1,4
2022-06-07 22:25:14,44,Admin,Admin,0,1,,YMed,1,40,41,,129,117.05,1,2,2
2022-06-07 22:25:14,44,Admin,Admin,0,1,,YMed,2,41,41,,129,117.05,1,2,2
2022-06-07 22:25:15,44,Admin,Admin,0,1,,YMed,3,41,47,,129,117.05,1,2,2
2022-06-07 22:25:15,44,Admin,Admin,0,1,,BMed,4,47,89,,129,117.05,1,2,2
2022-06-07 22:25:15,44,Admin,Admin,0,1,,BMed,5,89,89,,129,117.05,1,2,2
2022-06-07 22:25:15,44,Admin,Admin,0,1,,YMed,6,89,129,,129,117.05,1,2,2
2022-06-07 22:25:15,44,Admin,Admin,0,2,,YMed,1,40,40,,100,117.05,1,2,2
2022-06-07 22:25:15,44,Admin,Admin,0,2,,YMed,2,40,84,,100,117.05,1,2,2
2022-06-07 22:25:16,44,Admin,Admin,0,2,,YMed,3,84,100,,100,117.05,1,2,2
2022-06-09 05:26:52,0,Ryo,MAP22,3,1,,YMed,1,30,35,,35,140,0,0,5
2022-06-09 05:27:52,0,Ryo,MAP22,3,2,,YMed,1,30,43,,43,140,0,0,5
2022-06-11 22:29:14,25,test,test,1,1,,YMed,1,40,67,,112,62.03,1,4,4
2022-06-11 22:29:14,25,test,test,1,1,,YMed,2,67,92,,112,62.03,1,4,4
2022-06-11 22:29:14,25,test,test,1,1,,YMed,3,92,112,,112,62.03,1,4,4
2022-06-11 22:29:14,25,test,test,1,2,,ComMed,1,40,69,,109,62.03,1,4,4
2022-06-11 22:29:15,25,test,test,1,2,,BMed,2,69,80,,109,62.03,1,4,4
2022-06-11 22:29:15,25,test,test,1,2,,ComMed,3,80,109,,109,62.03,1,4,4
2022-06-11 22:29:15,25,test,test,1,3,,YMed,1,40,67,,121,62.03,1,4,4
2022-06-11 22:29:15,25,test,test,1,3,,ComMed,2,67,97,,121,62.03,1,4,4
2022-06-11 22:29:15,25,test,test,1,3,,YMed,3,97,121,,121,62.03,1,4,4
2022-06-11 22:29:16,25,test,test,1,4,,BMed,1,40,50,,111,62.03,1,4,4
2022-06-11 22:29:16,25,test,test,1,4,,ComMed,2,50,81,,111,62.03,1,4,4
2022-06-11 22:29:16,25,test,test,1,4,,ComMed,3,81,111,,111,62.03,1,4,4
2022-06-11 22:30:28,25,test,test,2,1,,YMed,1,40,74,,106,54.54,1,6,6
2022-06-11 22:30:29,25,test,test,2,1,,YMed,2,74,106,,106,54.54,1,6,6
2022-06-11 22:30:29,25,test,test,2,2,,ComMed,1,40,88,,113,54.54,1,6,6
2022-06-11 22:30:29,25,test,test,2,2,,BMed,2,88,113,,113,54.54,1,6,6
2022-06-11 22:30:29,25,test,test,2,3,,BMed,1,40,67,,117,54.54,1,6,6
2022-06-11 22:30:29,25,test,test,2,3,,BMed,2,67,91,,117,54.54,1,6,6
2022-06-11 22:30:30,25,test,test,2,3,,BMed,3,91,117,,117,54.54,1,6,6
2022-06-11 22:30:30,25,test,test,2,4,,YMed,1,40,71,,131,54.54,1,6,6
2022-06-11 22:30:30,25,test,test,2,4,,ComMed,2,71,131,,131,54.54,1,6,6
2022-06-11 22:30:30,25,test,test,2,5,,ComMed,1,40,101,,101,54.54,1,6,6
2022-06-11 22:30:30,25,test,test,2,6,,BMed,1,40,57,,111,54.54,1,6,6
2022-06-11 22:30:30,25,test,test,2,6,,ComMed,2,57,111,,111,54.54,1,6,6
2022-06-11 22:53:44,25,test,test,2,1,,YMed,1,40,67,,116,60.26,1,6,6
2022-06-11 22:53:44,25,test,test,2,1,,ComMed,2,67,116,,116,60.26,1,6,6
2022-06-11 22:53:44,25,test,test,2,2,,YMed,1,40,62,,111,60.26,1,6,6
2022-06-11 22:53:44,25,test,test,2,2,,ComMed,2,62,111,,111,60.26,1,6,6
2022-06-11 22:53:45,25,test,test,2,3,,BMed,1,40,66,,112,60.26,1,6,6
2022-06-11 22:53:45,25,test,test,2,3,,ComMed,2,66,112,,112,60.26,1,6,6
2022-06-11 22:53:45,25,test,test,2,4,,YMed,1,40,73,,110,60.26,1,6,6
2022-06-11 22:53:45,25,test,test,2,4,,YMed,2,73,110,,110,60.26,1,6,6
2022-06-11 22:53:45,25,test,test,2,5,,YMed,1,40,73,,125,60.26,1,6,6
2022-06-11 22:53:46,25,test,test,2,5,,BMed,2,73,97,,125,60.26,1,6,6
2022-06-11 22:53:46,25,test,test,2,5,,YMed,3,97,125,,125,60.26,1,6,6
2022-06-11 22:53:46,25,test,test,2,6,,BMed,1,40,67,,114,60.26,1,6,6
2022-06-11 22:53:46,25,test,test,2,6,,BMed,2,67,88,,114,60.26,1,6,6
2022-06-11 22:53:46,25,test,test,2,6,,BMed,3,88,114,,114,60.26,1,6,6
2022-06-12 03:12:11,25,test,test,3,1,,YMed,1,30,47,,119,120,1,4,5
2022-06-12 03:12:11,25,test,test,3,1,,ComMed,2,47,84,,119,120,1,4,5
2022-06-12 03:12:12,25,test,test,3,1,,ComMed,3,84,119,,119,120,1,4,5
2022-06-12 03:12:12,25,test,test,3,2,,YMed,1,30,53,,101,120,1,4,5
2022-06-12 03:12:12,25,test,test,3,2,,ComMed,2,53,86,,101,120,1,4,5
2022-06-12 03:12:13,25,test,test,3,2,,YMed,3,86,101,,101,120,1,4,5
2022-06-12 03:12:13,25,test,test,3,3,,YMed,1,30,44,,104,120,1,4,5
2022-06-12 03:12:13,25,test,test,3,3,,ComMed,2,44,74,,104,120,1,4,5
2022-06-12 03:12:13,25,test,test,3,3,,ComMed,3,74,104,,104,120,1,4,5
2022-06-12 03:12:13,25,test,test,3,4,,ComMed,1,30,63,,105,120,1,4,5
2022-06-12 03:12:14,25,test,test,3,4,,ComMed,2,63,98,,105,120,1,4,5
2022-06-12 03:12:14,25,test,test,3,4,,YMed,3,98,105,,105,120,1,4,5
2022-06-12 03:12:14,25,test,test,3,5,,ComMed,1,30,59,,90,120,1,4,5
2022-06-12 03:12:14,25,test,test,3,5,,ComMed,2,59,90,,90,120,1,4,5
2022-06-12 03:51:33,25,test,test,0,1,,YMed,1,40,60,,100,49.6,1,2,2
2022-06-12 03:51:33,25,test,test,0,1,,BMed,2,60,80,,100,49.6,1,2,2
2022-06-12 03:51:33,25,test,test,0,2,,ComMed,1,40,60,,100,49.6,1,2,2
2022-06-12 03:51:34,25,test,test,0,2,,BMed,2,60,80,,100,49.6,1,2,2
2022-06-12 03:51:34,25,test,test,0,2,,YMed,3,80,100,,100,49.6,1,2,2
2022-06-12 03:52:56,25,test,test,1,1,,YMed,1,40,61,,109,72.59,1,4,4
2022-06-12 03:52:57,25,test,test,1,1,,ComMed,2,61,82,,109,72.59,1,4,4
2022-06-12 03:52:57,25,test,test,1,1,,YMed,3,82,109,,109,72.59,1,4,4
2022-06-12 03:52:57,25,test,test,1,2,,YMed,1,40,64,,111,72.59,1,4,4
2022-06-12 03:52:57,25,test,test,1,2,,ComMed,2,64,85,,111,72.59,1,4,4
2022-06-12 03:52:57,25,test,test,1,2,,BMed,3,85,90,,111,72.59,1,4,4
2022-06-12 03:52:58,25,test,test,1,2,,BMed,4,90,111,,111,72.59,1,4,4
2022-06-12 03:52:58,25,test,test,1,3,,YMed,1,40,69,,123,72.59,1,4,4
2022-06-12 03:52:58,25,test,test,1,3,,YMed,2,69,84,,123,72.59,1,4,4
2022-06-12 03:52:58,25,test,test,1,3,,ComMed,3,84,123,,123,72.59,1,4,4
2022-06-12 03:52:58,25,test,test,1,4,,BMed,1,40,49,,104,72.59,1,4,4
2022-06-12 03:52:58,25,test,test,1,4,,YMed,2,49,67,,104,72.59,1,4,4
2022-06-12 03:52:58,25,test,test,1,4,,YMed,3,67,96,,104,72.59,1,4,4
2022-06-12 03:52:59,25,test,test,1,4,,BMed,4,96,104,,104,72.59,1,4,4
2022-06-13 16:13:30,1,a,a,0,1,,YMed,1,40,60,,100,47.03,1,2,2
2022-06-13 16:13:30,1,a,a,0,1,,BMed,2,60,80,,100,47.03,1,2,2
2022-06-13 16:13:30,1,a,a,0,1,,BMed,3,80,100,,100,47.03,1,2,2
2022-06-16 21:41:22,51,test11,test11,1,1,,BMed,2,60,80,,115,69.78,1,4,4
2022-06-13 16:13:30,1,a,a,0,2,,ComMed,1,40,60,,100,47.03,1,2,2
2022-06-13 16:13:31,1,a,a,0,2,,YMed,2,60,80,,100,47.03,1,2,2
2022-06-13 16:13:31,1,a,a,0,2,,YMed,3,80,100,,100,47.03,1,2,2
2022-06-13 16:14:42,1,a,a,1,1,,YMed,1,40,62,,120,62.95,1,4,4
2022-06-13 16:14:43,1,a,a,1,1,,BMed,2,62,77,,120,62.95,1,4,4
2022-06-13 16:14:43,1,a,a,1,1,,YMed,3,77,96,,120,62.95,1,4,4
2022-06-13 16:14:43,1,a,a,1,1,,BMed,4,96,120,,120,62.95,1,4,4
2022-06-13 16:14:43,1,a,a,1,2,,YMed,1,40,54,,109,62.95,1,4,4
2022-06-13 16:14:43,1,a,a,1,2,,YMed,2,54,72,,109,62.95,1,4,4
2022-06-13 16:14:44,1,a,a,1,2,,BMed,3,72,88,,109,62.95,1,4,4
2022-06-13 16:14:44,1,a,a,1,2,,BMed,4,88,109,,109,62.95,1,4,4
2022-06-13 16:14:44,1,a,a,1,3,,YMed,1,40,53,,114,62.95,1,4,4
2022-06-13 16:14:44,1,a,a,1,3,,YMed,2,53,65,,114,62.95,1,4,4
2022-06-13 16:14:44,1,a,a,1,3,,ComMed,3,65,99,,114,62.95,1,4,4
2022-06-13 16:14:44,1,a,a,1,3,,YMed,4,99,114,,114,62.95,1,4,4
2022-06-13 16:14:45,1,a,a,1,4,,BMed,1,40,57,,102,62.95,1,4,4
2022-06-13 16:14:45,1,a,a,1,4,,YMed,2,57,83,,102,62.95,1,4,4
2022-06-13 16:14:45,1,a,a,1,4,,BMed,3,83,102,,102,62.95,1,4,4
2022-06-13 16:16:14,1,a,a,2,1,,YMed,1,40,78,,100,60.97,1,6,6
2022-06-13 16:16:15,1,a,a,2,1,,YMed,2,78,100,,100,60.97,1,6,6
2022-06-13 16:16:15,1,a,a,2,2,,YMed,1,40,71,,124,60.97,1,6,6
2022-06-13 16:16:15,1,a,a,2,2,,BMed,2,71,86,,124,60.97,1,6,6
2022-06-13 16:16:15,1,a,a,2,2,,YMed,3,86,124,,124,60.97,1,6,6
2022-06-13 16:16:16,1,a,a,2,3,,ComMed,1,40,95,,113,60.97,1,6,6
2022-06-13 16:16:16,1,a,a,2,3,,BMed,2,95,113,,113,60.97,1,6,6
2022-06-13 16:16:16,1,a,a,2,4,,YMed,1,40,74,,120,60.97,1,6,6
2022-06-13 16:16:16,1,a,a,2,4,,ComMed,2,74,120,,120,60.97,1,6,6
2022-06-13 16:16:16,1,a,a,2,5,,YMed,1,40,77,,109,60.97,1,6,6
2022-06-13 16:16:17,1,a,a,2,5,,BMed,2,77,109,,109,60.97,1,6,6
2022-06-13 16:16:17,1,a,a,2,6,,BMed,1,40,70,,121,60.97,1,6,6
2022-06-13 16:16:17,1,a,a,2,6,,ComMed,2,70,121,,121,60.97,1,6,6
2022-06-13 17:37:04,7,g,g,1,1,,ComMed,1,40,77,,102,82,1,4,4
2022-06-13 17:37:05,7,g,g,1,1,,ComMed,2,77,102,,102,82,1,4,4
2022-06-13 17:37:05,7,g,g,1,2,,ComMed,1,40,72,,101,82,1,4,4
2022-06-13 17:37:05,7,g,g,1,2,,ComMed,2,72,101,,101,82,1,4,4
2022-06-13 17:37:05,7,g,g,1,3,,YMed,1,40,64,,112,82,1,4,4
2022-06-13 17:37:06,7,g,g,1,3,,YMed,2,64,87,,112,82,1,4,4
2022-06-13 17:37:06,7,g,g,1,3,,YMed,3,87,97,,112,82,1,4,4
2022-06-13 17:37:06,7,g,g,1,3,,YMed,4,97,112,,112,82,1,4,4
2022-06-13 17:37:06,7,g,g,1,4,,BMed,1,40,54,,112,82,1,4,4
2022-06-13 17:37:07,7,g,g,1,4,,ComMed,2,54,93,,112,82,1,4,4
2022-06-13 17:37:07,7,g,g,1,4,,YMed,3,93,112,,112,82,1,4,4
2022-06-13 18:20:14,1,a,a,1,1,,YMed,1,40,68,,114,54.97,1,4,4
2022-06-13 18:20:15,1,a,a,1,1,,YMed,2,68,91,,114,54.97,1,4,4
2022-06-13 18:20:15,1,a,a,1,1,,YMed,3,91,114,,114,54.97,1,4,4
2022-06-13 18:20:15,1,a,a,1,2,,ComMed,1,40,70,,102,54.97,1,4,4
2022-06-13 18:20:15,1,a,a,1,2,,ComMed,2,70,102,,102,54.97,1,4,4
2022-06-13 18:20:16,1,a,a,1,3,,YMed,1,40,64,,102,54.97,1,4,4
2022-06-13 18:20:16,1,a,a,1,3,,YMed,2,64,86,,102,54.97,1,4,4
2022-06-13 18:20:16,1,a,a,1,3,,YMed,3,86,102,,102,54.97,1,4,4
2022-06-13 18:20:16,1,a,a,1,4,,BMed,1,40,52,,110,54.97,1,4,4
2022-06-13 18:20:16,1,a,a,1,4,,BMed,2,52,75,,110,54.97,1,4,4
2022-06-13 18:20:16,1,a,a,1,4,,ComMed,3,75,110,,110,54.97,1,4,4
2022-06-13 18:41:05,1,a,a,3,4,,ComMed,1,30,55,,55,120,0,0,5
2022-06-14 18:58:01,25,test,test,1,1,,YMed,1,40,58,,109,73.18,1,4,4
2022-06-14 18:58:02,25,test,test,1,1,,BMed,2,58,66,,109,73.18,1,4,4
2022-06-14 18:58:02,25,test,test,1,1,,YMed,3,66,78,,109,73.18,1,4,4
2022-06-14 18:58:02,25,test,test,1,1,,BMed,4,78,87,,109,73.18,1,4,4
2022-06-14 18:58:02,25,test,test,1,1,,BMed,5,87,109,,109,73.18,1,4,4
2022-06-14 18:58:03,25,test,test,1,2,,YMed,1,40,54,,112,73.18,1,4,4
2022-06-14 18:58:03,25,test,test,1,2,,BMed,2,54,61,,112,73.18,1,4,4
2022-06-14 18:58:03,25,test,test,1,2,,BMed,3,61,69,,112,73.18,1,4,4
2022-06-14 18:58:03,25,test,test,1,2,,BMed,4,69,93,,112,73.18,1,4,4
2022-06-14 18:58:03,25,test,test,1,2,,YMed,5,93,112,,112,73.18,1,4,4
2022-06-14 18:58:04,25,test,test,1,3,,YMed,1,40,69,,109,73.18,1,4,4
2022-06-14 18:58:04,25,test,test,1,3,,YMed,2,69,95,,109,73.18,1,4,4
2022-06-14 18:58:04,25,test,test,1,3,,BMed,3,95,109,,109,73.18,1,4,4
2022-06-14 18:58:04,25,test,test,1,4,,BMed,1,40,64,,119,73.18,1,4,4
2022-06-14 18:58:05,25,test,test,1,4,,YMed,2,64,80,,119,73.18,1,4,4
2022-06-14 18:58:05,25,test,test,1,4,,YMed,3,80,92,,119,73.18,1,4,4
2022-06-14 18:58:05,25,test,test,1,4,,YMed,4,92,119,,119,73.18,1,4,4
2022-06-15 14:15:08,1,a,a,1,1,,YMed,1,40,60,,60,90,0,0,4
2022-06-15 14:15:09,1,a,a,1,2,,YMed,1,40,58,,58,90,0,0,4
2022-06-15 14:15:09,1,a,a,1,3,,YMed,1,40,67,,67,90,0,0,4
2022-06-16 21:41:21,51,test11,test11,1,1,,YMed,1,40,60,,115,69.78,1,4,4
2022-06-16 15:13:55,45,hel lo ,hel lo,1,1,,YMed,1,40,56,,118,78.06,1,4,4
2022-06-16 15:13:56,45,hel lo ,hel lo,1,1,,BMed,2,56,61,,118,78.06,1,4,4
2022-06-16 15:13:56,45,hel lo ,hel lo,1,1,,ComMed,3,61,89,,118,78.06,1,4,4
2022-06-16 15:13:56,45,hel lo ,hel lo,1,1,,ComMed,4,89,118,,118,78.06,1,4,4
2022-06-16 15:13:56,45,hel lo ,hel lo,1,2,,YMed,1,40,68,,114,78.06,1,4,4
2022-06-16 15:13:57,45,hel lo ,hel lo,1,2,,YMed,2,68,93,,114,78.06,1,4,4
2022-06-16 15:13:57,45,hel lo ,hel lo,1,2,,BMed,3,93,114,,114,78.06,1,4,4
2022-06-16 15:13:57,45,hel lo ,hel lo,1,3,,YMed,1,40,64,,118,78.06,1,4,4
2022-06-16 15:13:57,45,hel lo ,hel lo,1,3,,YMed,2,64,84,,118,78.06,1,4,4
2022-06-16 15:13:57,45,hel lo ,hel lo,1,3,,YMed,3,84,94,,118,78.06,1,4,4
2022-06-16 15:13:58,45,hel lo ,hel lo,1,3,,YMed,4,94,118,,118,78.06,1,4,4
2022-06-16 15:13:58,45,hel lo ,hel lo,1,4,,BMed,1,40,60,,100,78.06,1,4,4
2022-06-16 15:13:58,45,hel lo ,hel lo,1,4,,YMed,2,60,80,,100,78.06,1,4,4
2022-06-16 15:13:58,45,hel lo ,hel lo,1,4,,ComMed,3,80,100,,100,78.06,1,4,4
2022-06-16 17:52:44,46,test5,test5,1,1,,YMed,1,40,50,,61,90,1,3,4
2022-06-16 17:52:44,46,test5,test5,1,1,,BMed,2,50,61,,61,90,1,3,4
2022-06-16 17:52:44,46,test5,test5,1,2,,YMed,1,40,57,,100,90,1,3,4
2022-06-16 17:52:44,46,test5,test5,1,2,,BMed,2,57,73,,100,90,1,3,4
2022-06-16 17:52:44,46,test5,test5,1,2,,BMed,3,73,84,,100,90,1,3,4
2022-06-16 17:52:45,46,test5,test5,1,2,,BMed,4,84,100,,100,90,1,3,4
2022-06-16 17:52:45,46,test5,test5,1,3,,YMed,1,40,67,,106,90,1,3,4
2022-06-16 17:52:45,46,test5,test5,1,3,,BMed,2,67,85,,106,90,1,3,4
2022-06-16 17:52:45,46,test5,test5,1,3,,BMed,3,85,106,,106,90,1,3,4
2022-06-16 17:52:45,46,test5,test5,1,4,,YMed,1,40,50,,121,90,1,3,4
2022-06-16 17:52:46,46,test5,test5,1,4,,BMed,2,50,63,,121,90,1,3,4
2022-06-16 17:52:46,46,test5,test5,1,4,,ComMed,3,63,89,,121,90,1,3,4
2022-06-16 17:52:46,46,test5,test5,1,4,,ComMed,4,89,121,,121,90,1,3,4
2022-06-16 17:55:05,47,test6 ,test6,1,1,,YMed,1,40,65,,84,90,0,0,4
2022-06-16 17:55:05,47,test6 ,test6,1,1,,BMed,2,65,84,,84,90,0,0,4
2022-06-16 17:55:05,47,test6 ,test6,1,2,,YMed,1,40,62,,62,90,0,0,4
2022-06-16 17:55:06,47,test6 ,test6,1,3,,YMed,1,40,57,,57,90,0,0,4
2022-06-16 17:55:06,47,test6 ,test6,1,4,,BMed,1,40,63,,63,90,0,0,4
2022-06-16 20:44:56,50,test9,test9,1,1,,YMed,1,40,53,,53,90,0,0,4
2022-06-16 20:44:56,50,test9,test9,1,2,,YMed,1,40,59,,59,90,0,0,4
2022-06-16 20:44:57,50,test9,test9,1,3,,YMed,1,40,63,,63,90,0,0,4
2022-06-16 20:48:49,4,test10,test10,1,1,,YMed,1,40,56,,109,80.44,1,4,4
2022-06-16 20:48:50,4,test10,test10,1,1,,BMed,2,56,61,,109,80.44,1,4,4
2022-06-16 20:48:50,4,test10,test10,1,1,,YMed,3,61,87,,109,80.44,1,4,4
2022-06-16 20:48:50,4,test10,test10,1,1,,BMed,4,87,109,,109,80.44,1,4,4
2022-06-16 20:48:50,4,test10,test10,1,2,,ComMed,1,40,65,,110,80.44,1,4,4
2022-06-16 20:48:51,4,test10,test10,1,2,,BMed,2,65,84,,110,80.44,1,4,4
2022-06-16 20:48:51,4,test10,test10,1,2,,BMed,3,84,95,,110,80.44,1,4,4
2022-06-16 20:48:51,4,test10,test10,1,2,,BMed,4,95,110,,110,80.44,1,4,4
2022-06-16 20:48:52,4,test10,test10,1,3,,ComMed,1,40,75,,100,80.44,1,4,4
2022-06-16 20:48:52,4,test10,test10,1,3,,YMed,2,75,100,,100,80.44,1,4,4
2022-06-16 20:48:52,4,test10,test10,1,4,,BMed,1,40,45,,118,80.44,1,4,4
2022-06-16 20:48:52,4,test10,test10,1,4,,ComMed,2,45,80,,118,80.44,1,4,4
2022-06-16 20:48:52,4,test10,test10,1,4,,ComMed,3,80,118,,118,80.44,1,4,4
2022-06-16 21:58:31,52,test12,test12,1,1,1,YMed,1,40,50,None,109,74.18,1,4,4
2022-06-16 21:58:31,52,test12,test12,1,1,1,BMed,2,50,62,YMed,109,74.18,1,4,4
2022-06-16 21:58:31,52,test12,test12,1,1,1,ComMed,3,62,87,BMed,109,74.18,1,4,4
2022-06-16 21:58:31,52,test12,test12,1,1,1,ComMed,4,87,109,ComMed,109,74.18,1,4,4
2022-06-16 21:58:31,52,test12,test12,1,2,1,ComMed,1,40,78,None,116,74.18,1,4,4
2022-06-16 21:58:32,52,test12,test12,1,2,1,ComMed,2,78,116,ComMed,116,74.18,1,4,4
2022-06-16 21:58:32,52,test12,test12,1,3,1,YMed,1,40,61,None,118,74.18,1,4,4
2022-06-16 21:58:32,52,test12,test12,1,3,1,YMed,2,61,77,YMed,118,74.18,1,4,4
2022-06-16 21:58:32,52,test12,test12,1,3,1,YMed,3,77,97,YMed,118,74.18,1,4,4
2022-06-16 21:58:33,52,test12,test12,1,3,1,YMed,4,97,118,YMed,118,74.18,1,4,4
2022-06-16 22:03:45,53,test13,test13,1,1,1,YMed,1,40,53,None,121,85.66,1,4,4
2022-06-16 22:03:45,53,test13,test13,1,1,1,BMed,2,53,76,YMed,121,85.66,1,4,4
2022-06-16 22:03:45,53,test13,test13,1,1,1,BMed,3,76,99,BMed,121,85.66,1,4,4
2022-06-16 22:03:45,53,test13,test13,1,1,1,YMed,4,99,121,BMed,121,85.66,1,4,4
2022-06-16 22:03:46,53,test13,test13,1,2,1,BMed,1,40,63,None,106,85.66,1,4,4
2022-06-16 22:03:46,53,test13,test13,1,2,1,YMed,2,63,88,BMed,106,85.66,1,4,4
2022-06-16 22:03:46,53,test13,test13,1,2,1,BMed,3,88,97,YMed,106,85.66,1,4,4
2022-06-16 22:03:46,53,test13,test13,1,2,1,BMed,4,97,106,BMed,106,85.66,1,4,4
2022-06-17 01:59:07,53,test13,test13,1,1,1,YMed,1,40,54,None,109,60.29,1,4,4
2022-06-17 01:59:07,53,test13,test13,1,1,1,YMed,2,54,81,YMed,109,60.29,1,4,4
2022-06-17 01:59:08,53,test13,test13,1,1,1,ComMed,3,81,109,YMed,109,60.29,1,4,4
2022-06-17 01:59:08,53,test13,test13,1,2,1,BMed,1,40,48,None,105,60.29,1,4,4
2022-06-17 01:59:08,53,test13,test13,1,2,1,ComMed,2,48,69,BMed,105,60.29,1,4,4
2022-06-17 01:59:08,53,test13,test13,1,2,1,ComMed,3,69,105,ComMed,105,60.29,1,4,4
2022-06-17 01:59:08,53,test13,test13,1,3,1,YMed,1,40,63,None,103,60.29,1,4,4
2022-06-17 01:59:08,53,test13,test13,1,3,1,ComMed,2,63,86,YMed,103,60.29,1,4,4
2022-06-17 01:59:09,53,test13,test13,1,3,1,YMed,3,86,103,ComMed,103,60.29,1,4,4
2022-06-17 01:59:09,53,test13,test13,1,4,1,ComMed,1,40,71,None,110,60.29,1,4,4
2022-06-17 01:59:09,53,test13,test13,1,4,1,BMed,2,71,91,ComMed,110,60.29,1,4,4
2022-06-17 01:59:09,53,test13,test13,1,4,1,BMed,3,91,110,BMed,110,60.29,1,4,4
2022-06-21 02:41:55,54,test15,test15,1,1,1,YMed,1,40,58,None,113,64.97,1,4,4
2022-06-21 02:41:56,54,test15,test15,1,1,1,ComMed,2,58,84,YMed,113,64.97,1,4,4
2022-06-21 02:41:56,54,test15,test15,1,1,1,ComMed,3,84,113,ComMed,113,64.97,1,4,4
2022-06-21 02:41:56,54,test15,test15,1,2,1,YMed,1,40,57,None,104,64.97,1,4,4
2022-06-21 02:41:56,54,test15,test15,1,2,1,ComMed,2,57,80,YMed,104,64.97,1,4,4
2022-06-21 02:41:57,54,test15,test15,1,2,1,BMed,3,80,104,ComMed,104,64.97,1,4,4
2022-06-21 02:41:57,54,test15,test15,1,3,1,YMed,1,40,68,None,119,64.97,1,4,4
2022-06-21 02:41:57,54,test15,test15,1,3,1,YMed,2,68,90,YMed,119,64.97,1,4,4
2022-06-21 02:41:57,54,test15,test15,1,3,1,YMed,3,90,119,YMed,119,64.97,1,4,4
2022-06-21 02:41:58,54,test15,test15,1,4,1,BMed,1,40,53,None,100,64.97,1,4,4
2022-06-21 02:41:58,54,test15,test15,1,4,1,BMed,2,53,61,BMed,100,64.97,1,4,4
2022-06-21 02:41:58,54,test15,test15,1,4,1,ComMed,3,61,100,BMed,100,64.97,1,4,4
2022-06-21 02:43:45,54,test15,test15,2,1,1,YMed,1,40,66,None,111,66.93,1,6,6
2022-06-21 02:43:46,54,test15,test15,2,1,1,ComMed,2,66,111,YMed,111,66.93,1,6,6
2022-06-21 02:43:46,54,test15,test15,2,2,1,YMed,1,40,62,None,107,66.93,1,6,6
2022-06-21 02:43:46,54,test15,test15,2,2,1,ComMed,2,62,107,YMed,107,66.93,1,6,6
2022-06-21 02:43:46,54,test15,test15,2,3,1,BMed,1,40,60,None,109,66.93,1,6,6
2022-06-21 02:43:47,54,test15,test15,2,3,1,BMed,2,60,84,BMed,109,66.93,1,6,6
2022-06-21 02:43:47,54,test15,test15,2,3,1,BMed,3,84,109,BMed,109,66.93,1,6,6
2022-06-21 02:43:47,54,test15,test15,2,4,1,YMed,1,40,63,None,100,66.93,1,6,6
2022-06-21 02:43:47,54,test15,test15,2,4,1,YMed,2,63,100,YMed,100,66.93,1,6,6
2022-06-21 02:43:47,54,test15,test15,2,5,1,YMed,1,40,61,None,112,66.93,1,6,6
2022-06-21 02:43:48,54,test15,test15,2,5,1,YMed,2,61,87,YMed,112,66.93,1,6,6
2022-06-21 02:43:48,54,test15,test15,2,5,1,YMed,3,87,112,YMed,112,66.93,1,6,6
2022-06-21 02:43:48,54,test15,test15,2,6,1,BMed,1,40,58,None,103,66.93,1,6,6
2022-06-21 02:43:48,54,test15,test15,2,6,1,ComMed,2,58,103,BMed,103,66.93,1,6,6
2022-06-21 02:47:35,54,test15,test15,3,1,1,YMed,1,30,46,None,107,130.02,1,5,5
2022-06-21 02:47:35,54,test15,test15,3,1,1,ComMed,2,46,73,YMed,107,130.02,1,5,5
2022-06-21 02:47:36,54,test15,test15,3,1,1,ComMed,3,73,107,ComMed,107,130.02,1,5,5
2022-06-21 02:47:36,54,test15,test15,3,2,1,YMed,1,30,38,None,112,130.02,1,5,5
2022-06-21 02:47:36,54,test15,test15,3,2,1,ComMed,2,38,58,YMed,112,130.02,1,5,5
2022-06-21 02:47:36,54,test15,test15,3,2,1,ComMed,3,58,85,ComMed,112,130.02,1,5,5
2022-06-21 02:47:36,54,test15,test15,3,2,1,YMed,4,85,91,ComMed,112,130.02,1,5,5
2022-06-21 02:47:37,54,test15,test15,3,2,1,YMed,5,91,112,YMed,112,130.02,1,5,5
2022-06-21 02:47:37,54,test15,test15,3,3,1,YMed,1,30,43,None,101,130.02,1,5,5
2022-06-21 02:47:37,54,test15,test15,3,3,1,YMed,2,43,67,YMed,101,130.02,1,5,5
2022-06-21 02:47:37,54,test15,test15,3,3,1,ComMed,3,67,101,YMed,101,130.02,1,5,5
2022-06-21 02:47:37,54,test15,test15,3,4,1,ComMed,1,30,61,None,105,130.02,1,5,5
2022-06-21 02:47:38,54,test15,test15,3,4,1,ComMed,2,61,87,ComMed,105,130.02,1,5,5
2022-06-21 02:47:38,54,test15,test15,3,4,1,YMed,3,87,94,ComMed,105,130.02,1,5,5
2022-06-21 02:47:38,54,test15,test15,3,4,1,BMed,4,94,105,YMed,105,130.02,1,5,5
2022-06-21 02:47:38,54,test15,test15,3,5,1,ComMed,1,30,57,None,111,130.02,1,5,5
2022-06-21 02:47:38,54,test15,test15,3,5,1,ComMed,2,57,89,ComMed,111,130.02,1,5,5
2022-06-21 02:47:38,54,test15,test15,3,5,1,ComMed,3,89,111,ComMed,111,130.02,1,5,5
2022-06-21 03:12:01,55,test20,test20,1,1,1,YMed,1,40,62,None,113,90,1,3,4
2022-06-21 03:12:02,55,test20,test20,1,1,1,YMed,2,62,74,YMed,113,90,1,3,4
2022-06-21 03:12:04,55,test20,test20,1,1,1,ComMed,3,74,113,YMed,113,90,1,3,4
2022-06-21 03:12:06,55,test20,test20,1,2,1,ComMed,1,40,71,None,113,90,1,3,4
2022-06-21 03:12:08,55,test20,test20,1,2,1,ComMed,2,71,92,ComMed,113,90,1,3,4
2022-06-21 03:12:10,55,test20,test20,1,2,1,BMed,3,92,113,ComMed,113,90,1,3,4
2022-06-21 03:12:12,55,test20,test20,1,3,1,YMed,1,40,54,None,88,90,1,3,4
2022-06-21 03:12:14,55,test20,test20,1,3,1,YMed,2,54,70,YMed,88,90,1,3,4
2022-06-21 03:12:16,55,test20,test20,1,3,1,YMed,3,70,88,YMed,88,90,1,3,4
2022-06-21 03:12:18,55,test20,test20,1,4,1,BMed,1,40,59,None,102,90,1,3,4
2022-06-21 03:12:20,55,test20,test20,1,4,1,BMed,2,59,75,BMed,102,90,1,3,4
2022-06-21 03:12:22,55,test20,test20,1,4,1,ComMed,3,75,102,BMed,102,90,1,3,4
2022-06-21 03:18:11,55,test20,test20,1,1,1,YMed,1,40,69,None,102,90,0,1,4
2022-06-21 03:18:13,55,test20,test20,1,1,1,ComMed,2,69,102,YMed,102,90,0,1,4
2022-06-21 03:18:15,55,test20,test20,1,2,1,ComMed,1,40,77,None,77,90,0,1,4
2022-06-21 03:18:17,55,test20,test20,1,3,1,YMed,1,40,67,None,83,90,0,1,4
2022-06-21 03:18:19,55,test20,test20,1,3,1,YMed,2,67,83,YMed,83,90,0,1,4
2022-06-21 03:18:21,55,test20,test20,1,4,1,BMed,1,40,61,None,61,90,0,1,4
2022-06-21 04:18:26,55,test20,test20,2,1,1,YMed,1,40,61,None,100,54.19,1,6,6
2022-06-21 04:18:26,55,test20,test20,2,1,1,YMed,2,61,100,YMed,100,54.19,1,6,6
2022-06-21 04:18:27,55,test20,test20,2,2,1,YMed,1,40,60,None,114,54.19,1,6,6
2022-06-21 04:18:27,55,test20,test20,2,2,1,YMed,2,60,91,YMed,114,54.19,1,6,6
2022-06-21 04:18:27,55,test20,test20,2,2,1,BMed,3,91,114,YMed,114,54.19,1,6,6
2022-06-21 04:18:27,55,test20,test20,2,3,1,ComMed,1,40,103,None,103,54.19,1,6,6
2022-06-21 04:18:27,55,test20,test20,2,4,1,YMed,1,40,72,None,106,54.19,1,6,6
2022-06-21 04:18:28,55,test20,test20,2,4,1,YMed,2,72,106,YMed,106,54.19,1,6,6
2022-06-21 04:18:28,55,test20,test20,2,5,1,YMed,1,40,68,None,119,54.19,1,6,6
2022-06-21 04:18:28,55,test20,test20,2,5,1,ComMed,2,68,119,YMed,119,54.19,1,6,6
2022-06-21 04:18:28,55,test20,test20,2,6,1,BMed,1,40,72,None,131,54.19,1,6,6
2022-06-21 04:18:28,55,test20,test20,2,6,1,ComMed,2,72,131,BMed,131,54.19,1,6,6
2022-06-21 04:20:52,55,test20,test20,3,1,1,YMed,1,30,53,None,114,130.01,1,5,5
2022-06-21 04:20:53,55,test20,test20,3,1,1,ComMed,2,53,91,YMed,114,130.01,1,5,5
2022-06-21 04:20:53,55,test20,test20,3,1,1,YMed,3,91,114,ComMed,114,130.01,1,5,5
2022-06-21 04:20:53,55,test20,test20,3,2,1,YMed,1,30,39,None,103,130.01,1,5,5
2022-06-21 04:20:53,55,test20,test20,3,2,1,ComMed,2,39,65,YMed,103,130.01,1,5,5
2022-06-21 04:20:53,55,test20,test20,3,2,1,ComMed,3,65,86,ComMed,103,130.01,1,5,5
2022-06-21 04:20:54,55,test20,test20,3,2,1,YMed,4,86,103,ComMed,103,130.01,1,5,5
2022-06-21 04:20:54,55,test20,test20,3,3,1,YMed,1,30,42,None,107,130.01,1,5,5
2022-06-21 04:20:54,55,test20,test20,3,3,1,YMed,2,42,57,YMed,107,130.01,1,5,5
2022-06-21 04:20:54,55,test20,test20,3,3,1,ComMed,3,57,91,YMed,107,130.01,1,5,5
2022-06-21 04:20:54,55,test20,test20,3,3,1,YMed,4,91,107,ComMed,107,130.01,1,5,5
2022-06-21 04:20:54,55,test20,test20,3,4,1,ComMed,1,30,57,None,111,130.01,1,5,5
2022-06-21 04:20:55,55,test20,test20,3,4,1,ComMed,2,57,84,ComMed,111,130.01,1,5,5
2022-06-21 04:20:55,55,test20,test20,3,4,1,ComMed,3,84,111,ComMed,111,130.01,1,5,5
2022-06-21 04:20:55,55,test20,test20,3,5,1,ComMed,1,30,68,None,121,130.01,1,5,5
2022-06-21 04:20:55,55,test20,test20,3,5,1,ComMed,2,68,99,ComMed,121,130.01,1,5,5
2022-06-21 04:20:55,55,test20,test20,3,5,1,YMed,3,99,121,ComMed,121,130.01,1,5,5
2022-06-21 14:12:12,56,test23,test23,3,1,1,YMed,1,30,52,None,100,130,1,5,5
2022-06-21 14:12:13,56,test23,test23,3,1,1,YMed,2,52,70,YMed,100,130,1,5,5
2022-06-21 14:12:13,56,test23,test23,3,1,1,YMed,3,70,80,YMed,100,130,1,5,5
2022-06-21 14:12:13,56,test23,test23,3,1,1,ComMed,4,80,100,YMed,100,130,1,5,5
2022-06-21 14:12:14,56,test23,test23,3,2,1,YMed,1,30,40,None,102,130,1,5,5
2022-06-21 14:12:14,56,test23,test23,3,2,1,YMed,2,40,53,YMed,102,130,1,5,5
2022-06-21 14:12:14,56,test23,test23,3,2,1,ComMed,3,53,74,YMed,102,130,1,5,5
2022-06-21 14:12:15,56,test23,test23,3,2,1,YMed,4,74,81,ComMed,102,130,1,5,5
2022-06-21 14:12:15,56,test23,test23,3,2,1,ComMed,5,81,102,YMed,102,130,1,5,5
2022-06-21 14:12:15,56,test23,test23,3,3,1,YMed,1,30,42,None,109,130,1,5,5
2022-06-21 14:12:15,56,test23,test23,3,3,1,YMed,2,42,59,YMed,109,130,1,5,5
2022-06-21 14:12:15,56,test23,test23,3,3,1,ComMed,3,59,98,YMed,109,130,1,5,5
2022-06-21 14:12:16,56,test23,test23,3,3,1,YMed,4,98,109,ComMed,109,130,1,5,5
2022-06-21 14:12:16,56,test23,test23,3,4,1,ComMed,1,30,68,None,100,130,1,5,5
2022-06-21 14:12:16,56,test23,test23,3,4,1,ComMed,2,68,100,ComMed,100,130,1,5,5
2022-06-21 14:12:16,56,test23,test23,3,5,1,ComMed,1,30,51,None,101,130,1,5,5
2022-06-21 14:12:17,56,test23,test23,3,5,1,ComMed,2,51,77,ComMed,101,130,1,5,5
2022-06-21 14:12:17,56,test23,test23,3,5,1,ComMed,3,77,101,ComMed,101,130,1,5,5
2022-06-21 14:22:32,56,test23,test23,1,1,1,YMed,1,40,59,None,118,90,0,1,4
2022-06-21 14:22:32,56,test23,test23,1,1,1,YMed,2,59,87,YMed,118,90,0,1,4
2022-06-21 14:22:32,56,test23,test23,1,1,1,YMed,3,87,99,YMed,118,90,0,1,4
2022-06-21 14:22:33,56,test23,test23,1,1,1,YMed,4,99,118,YMed,118,90,0,1,4
2022-06-21 14:22:33,56,test23,test23,1,2,1,ComMed,1,40,65,None,65,90,0,1,4
2022-06-21 14:22:33,56,test23,test23,1,3,1,YMed,1,40,59,None,59,90,0,1,4
