"","Precinct","Population","Area","White","Black","Hisp","Other","Year","WhiteA","BlackA","HispA","OtherA","TotalA"
"1",1,66679,1.6222942931026,47231,1982,4676,10600,2005,8,25,12,2,47
"14",1,66679,1.6222942931026,47231,1982,4676,10600,2006,1,35,10,0,46
"15",1,66679,1.6222942931026,47231,1982,4676,10600,2007,11,78,21,7,117
"13",1,66679,1.6222942931026,47231,1982,4676,10600,2008,20,156,39,6,221
"9",1,66679,1.6222942931026,47231,1982,4676,10600,2009,15,163,45,15,238
"4",1,66679,1.6222942931026,47231,1982,4676,10600,2010,33,156,56,15,260
"5",1,66679,1.6222942931026,47231,1982,4676,10600,2011,27,135,45,8,215
"8",1,66679,1.6222942931026,47231,1982,4676,10600,2012,26,129,30,4,189
"3",1,66679,1.6222942931026,47231,1982,4676,10600,2013,22,43,21,7,93
"12",1,66679,1.6222942931026,47231,1982,4676,10600,2014,0,9,2,0,11
"7",1,66679,1.6222942931026,47231,1982,4676,10600,2015,0,4,0,0,4
"11",1,66679,1.6222942931026,47231,1982,4676,10600,2017,1,2,3,0,6
"10",1,66679,1.6222942931026,47231,1982,4676,10600,2018,4,16,6,0,26
"6",1,66679,1.6222942931026,47231,1982,4676,10600,2019,5,38,15,0,58
"2",1,66679,1.6222942931026,47231,1982,4676,10600,2020,8,23,7,0,38
"28",5,52568,0.621884421912021,10739,2299,5910,32754,2005,23,92,85,34,234
"25",5,52568,0.621884421912021,10739,2299,5910,32754,2006,43,123,104,39,309
"26",5,52568,0.621884421912021,10739,2299,5910,32754,2007,32,97,85,44,258
"22",5,52568,0.621884421912021,10739,2299,5910,32754,2008,27,113,84,62,286
"27",5,52568,0.621884421912021,10739,2299,5910,32754,2009,25,91,77,41,234
"16",5,52568,0.621884421912021,10739,2299,5910,32754,2010,28,127,117,68,340
"19",5,52568,0.621884421912021,10739,2299,5910,32754,2011,44,148,125,55,372
"17",5,52568,0.621884421912021,10739,2299,5910,32754,2012,34,120,82,68,304
"18",5,52568,0.621884421912021,10739,2299,5910,32754,2013,13,49,45,15,122
"23",5,52568,0.621884421912021,10739,2299,5910,32754,2014,7,30,22,1,60
"21",5,52568,0.621884421912021,10739,2299,5910,32754,2015,2,15,10,0,27
"30",5,52568,0.621884421912021,10739,2299,5910,32754,2017,4,15,25,7,51
"20",5,52568,0.621884421912021,10739,2299,5910,32754,2018,2,12,8,0,22
"24",5,52568,0.621884421912021,10739,2299,5910,32754,2019,2,22,7,0,31
"29",5,52568,0.621884421912021,10739,2299,5910,32754,2020,2,17,12,0,31
"37",6,62226,0.760844327786797,50468,1214,3781,5050,2005,43,120,74,15,252
"38",6,62226,0.760844327786797,50468,1214,3781,5050,2006,37,65,33,4,139
"36",6,62226,0.760844327786797,50468,1214,3781,5050,2007,50,110,26,7,193
"32",6,62226,0.760844327786797,50468,1214,3781,5050,2008,45,117,40,14,216
"40",6,62226,0.760844327786797,50468,1214,3781,5050,2009,34,79,39,11,163
"44",6,62226,0.760844327786797,50468,1214,3781,5050,2010,65,135,54,11,265
"42",6,62226,0.760844327786797,50468,1214,3781,5050,2011,46,123,39,14,222
"31",6,62226,0.760844327786797,50468,1214,3781,5050,2012,37,112,46,5,200
"35",6,62226,0.760844327786797,50468,1214,3781,5050,2013,25,49,23,6,103
"33",6,62226,0.760844327786797,50468,1214,3781,5050,2014,0,10,2,0,12
"39",6,62226,0.760844327786797,50468,1214,3781,5050,2015,0,3,0,0,3
"43",6,62226,0.760844327786797,50468,1214,3781,5050,2017,3,11,2,0,16
"45",6,62226,0.760844327786797,50468,1214,3781,5050,2018,12,32,14,0,58
"34",6,62226,0.760844327786797,50468,1214,3781,5050,2019,10,38,8,1,57
"41",6,62226,0.760844327786797,50468,1214,3781,5050,2020,11,35,25,0,71
"54",7,56355,0.631324045885591,13479,4578,17976,19297,2005,74,130,197,61,462
"51",7,56355,0.631324045885591,13479,4578,17976,19297,2006,96,139,190,34,459
"50",7,56355,0.631324045885591,13479,4578,17976,19297,2007,105,195,261,37,598
"56",7,56355,0.631324045885591,13479,4578,17976,19297,2008,80,140,165,29,414
"55",7,56355,0.631324045885591,13479,4578,17976,19297,2009,67,105,159,34,365
"60",7,56355,0.631324045885591,13479,4578,17976,19297,2010,53,125,192,48,418
"59",7,56355,0.631324045885591,13479,4578,17976,19297,2011,71,151,235,37,494
"47",7,56355,0.631324045885591,13479,4578,17976,19297,2012,55,129,169,29,382
"49",7,56355,0.631324045885591,13479,4578,17976,19297,2013,19,82,91,15,207
"48",7,56355,0.631324045885591,13479,4578,17976,19297,2014,5,30,48,5,88
"53",7,56355,0.631324045885591,13479,4578,17976,19297,2015,3,6,20,0,29
"46",7,56355,0.631324045885591,13479,4578,17976,19297,2017,6,28,17,1,52
"57",7,56355,0.631324045885591,13479,4578,17976,19297,2018,3,11,21,0,35
"52",7,56355,0.631324045885591,13479,4578,17976,19297,2019,3,29,28,0,60
"58",7,56355,0.631324045885591,13479,4578,17976,19297,2020,1,14,12,0,27
"67",9,76443,0.735654188786664,39560,5466,18291,10986,2005,68,147,188,24,427
"69",9,76443,0.735654188786664,39560,5466,18291,10986,2006,70,158,168,19,415
"65",9,76443,0.735654188786664,39560,5466,18291,10986,2007,131,142,216,15,504
"70",9,76443,0.735654188786664,39560,5466,18291,10986,2008,123,145,214,24,506
"74",9,76443,0.735654188786664,39560,5466,18291,10986,2009,112,173,252,28,565
"66",9,76443,0.735654188786664,39560,5466,18291,10986,2010,180,252,267,49,748
"75",9,76443,0.735654188786664,39560,5466,18291,10986,2011,252,259,307,77,895
"61",9,76443,0.735654188786664,39560,5466,18291,10986,2012,266,287,386,69,1008
"62",9,76443,0.735654188786664,39560,5466,18291,10986,2013,158,183,207,23,571
"64",9,76443,0.735654188786664,39560,5466,18291,10986,2014,74,84,100,33,291
"63",9,76443,0.735654188786664,39560,5466,18291,10986,2015,7,29,52,6,94
"73",9,76443,0.735654188786664,39560,5466,18291,10986,2017,9,32,39,1,81
"68",9,76443,0.735654188786664,39560,5466,18291,10986,2018,4,18,15,0,37
"71",9,76443,0.735654188786664,39560,5466,18291,10986,2019,10,18,26,1,55
"72",9,76443,0.735654188786664,39560,5466,18291,10986,2020,6,17,27,0,50
"86",10,50180,0.93621711258156,30799,3518,8821,5687,2005,50,127,67,15,259
"83",10,50180,0.93621711258156,30799,3518,8821,5687,2006,52,121,79,5,257
"79",10,50180,0.93621711258156,30799,3518,8821,5687,2007,55,121,82,6,264
"80",10,50180,0.93621711258156,30799,3518,8821,5687,2008,68,146,105,14,333
"84",10,50180,0.93621711258156,30799,3518,8821,5687,2009,50,145,76,18,289
"81",10,50180,0.93621711258156,30799,3518,8821,5687,2010,81,146,83,33,343
"90",10,50180,0.93621711258156,30799,3518,8821,5687,2011,59,142,89,19,309
"78",10,50180,0.93621711258156,30799,3518,8821,5687,2012,45,143,70,19,277
"87",10,50180,0.93621711258156,30799,3518,8821,5687,2013,37,92,57,8,194
"85",10,50180,0.93621711258156,30799,3518,8821,5687,2014,4,24,17,0,45
"82",10,50180,0.93621711258156,30799,3518,8821,5687,2015,3,4,2,0,9
"76",10,50180,0.93621711258156,30799,3518,8821,5687,2017,2,12,10,3,27
"89",10,50180,0.93621711258156,30799,3518,8821,5687,2018,3,23,5,0,31
"77",10,50180,0.93621711258156,30799,3518,8821,5687,2019,3,24,15,0,42
"88",10,50180,0.93621711258156,30799,3518,8821,5687,2020,1,16,9,0,26
"97",13,93640,1.01452784781355,65354,4369,8565,12916,2005,18,73,44,12,147
"103",13,93640,1.01452784781355,65354,4369,8565,12916,2006,28,140,89,17,274
"94",13,93640,1.01452784781355,65354,4369,8565,12916,2007,55,160,113,21,349
"92",13,93640,1.01452784781355,65354,4369,8565,12916,2008,69,178,135,18,400
"104",13,93640,1.01452784781355,65354,4369,8565,12916,2009,51,163,105,27,346
"99",13,93640,1.01452784781355,65354,4369,8565,12916,2010,60,152,95,28,335
"105",13,93640,1.01452784781355,65354,4369,8565,12916,2011,112,216,173,40,541
"93",13,93640,1.01452784781355,65354,4369,8565,12916,2012,85,217,149,22,473
"96",13,93640,1.01452784781355,65354,4369,8565,12916,2013,57,136,109,14,316
"95",13,93640,1.01452784781355,65354,4369,8565,12916,2014,67,65,50,8,190
"100",13,93640,1.01452784781355,65354,4369,8565,12916,2015,27,57,28,7,119
"91",13,93640,1.01452784781355,65354,4369,8565,12916,2017,18,43,37,0,98
"98",13,93640,1.01452784781355,65354,4369,8565,12916,2018,9,35,26,0,70
"101",13,93640,1.01452784781355,65354,4369,8565,12916,2019,5,63,25,1,94
"102",13,93640,1.01452784781355,65354,4369,8565,12916,2020,6,44,12,0,62
"115",14,20651,0.704720750110296,11605,1353,2198,4978,2005,34,167,60,13,274
"109",14,20651,0.704720750110296,11605,1353,2198,4978,2006,47,245,120,18,430
"112",14,20651,0.704720750110296,11605,1353,2198,4978,2007,51,305,163,28,547
"108",14,20651,0.704720750110296,11605,1353,2198,4978,2008,57,317,238,40,652
"118",14,20651,0.704720750110296,11605,1353,2198,4978,2009,47,344,169,48,608
"119",14,20651,0.704720750110296,11605,1353,2198,4978,2010,106,479,222,55,862
"117",14,20651,0.704720750110296,11605,1353,2198,4978,2011,95,403,160,42,700
"106",14,20651,0.704720750110296,11605,1353,2198,4978,2012,60,269,119,32,480
"110",14,20651,0.704720750110296,11605,1353,2198,4978,2013,30,100,81,4,215
"116",14,20651,0.704720750110296,11605,1353,2198,4978,2014,24,48,25,2,99
"107",14,20651,0.704720750110296,11605,1353,2198,4978,2015,6,27,20,2,55
"111",14,20651,0.704720750110296,11605,1353,2198,4978,2017,5,7,6,0,18
"113",14,20651,0.704720750110296,11605,1353,2198,4978,2018,3,22,3,0,28
"114",14,20651,0.704720750110296,11605,1353,2198,4978,2019,3,26,7,0,36
"120",14,20651,0.704720750110296,11605,1353,2198,4978,2020,5,34,9,0,48
"135",17,79126,0.765702247231728,60226,1583,4595,11117,2005,6,16,11,4,37
"130",17,79126,0.765702247231728,60226,1583,4595,11117,2006,30,41,24,6,101
"126",17,79126,0.765702247231728,60226,1583,4595,11117,2007,25,39,37,6,107
"131",17,79126,0.765702247231728,60226,1583,4595,11117,2008,13,51,33,7,104
"134",17,79126,0.765702247231728,60226,1583,4595,11117,2009,17,31,23,7,78
"128",17,79126,0.765702247231728,60226,1583,4595,11117,2010,11,32,25,12,80
"133",17,79126,0.765702247231728,60226,1583,4595,11117,2011,15,43,37,11,106
"121",17,79126,0.765702247231728,60226,1583,4595,11117,2012,28,45,25,14,112
"124",17,79126,0.765702247231728,60226,1583,4595,11117,2013,10,26,24,1,61
"125",17,79126,0.765702247231728,60226,1583,4595,11117,2014,6,10,9,1,26
"132",17,79126,0.765702247231728,60226,1583,4595,11117,2015,5,7,7,2,21
"122",17,79126,0.765702247231728,60226,1583,4595,11117,2017,1,9,4,1,15
"127",17,79126,0.765702247231728,60226,1583,4595,11117,2018,4,7,2,1,14
"123",17,79126,0.765702247231728,60226,1583,4595,11117,2019,4,23,4,0,31
"129",17,79126,0.765702247231728,60226,1583,4595,11117,2020,4,13,6,0,23
"143",18,54066,1.11030410094159,32682,2637,8883,8482,2005,19,34,30,9,92
"148",18,54066,1.11030410094159,32682,2637,8883,8482,2006,47,71,40,16,174
"136",18,54066,1.11030410094159,32682,2637,8883,8482,2007,41,124,55,11,231
"141",18,54066,1.11030410094159,32682,2637,8883,8482,2008,29,116,56,15,216
"147",18,54066,1.11030410094159,32682,2637,8883,8482,2009,20,91,50,13,174
"142",18,54066,1.11030410094159,32682,2637,8883,8482,2010,24,137,85,17,263
"140",18,54066,1.11030410094159,32682,2637,8883,8482,2011,82,159,72,11,324
"146",18,54066,1.11030410094159,32682,2637,8883,8482,2012,40,164,69,14,287
"138",18,54066,1.11030410094159,32682,2637,8883,8482,2013,15,72,24,7,118
"149",18,54066,1.11030410094159,32682,2637,8883,8482,2014,2,3,0,2,7
"139",18,54066,1.11030410094159,32682,2637,8883,8482,2015,1,9,1,0,11
"145",18,54066,1.11030410094159,32682,2637,8883,8482,2017,4,7,10,0,21
"150",18,54066,1.11030410094159,32682,2637,8883,8482,2018,2,10,7,0,19
"144",18,54066,1.11030410094159,32682,2637,8883,8482,2019,8,49,8,1,66
"137",18,54066,1.11030410094159,32682,2637,8883,8482,2020,6,29,11,0,46
"157",19,208259,1.67569675641259,168711,4817,13827,16891,2005,66,110,82,19,277
"156",19,208259,1.67569675641259,168711,4817,13827,16891,2006,109,155,128,17,409
"164",19,208259,1.67569675641259,168711,4817,13827,16891,2007,168,245,225,68,706
"152",19,208259,1.67569675641259,168711,4817,13827,16891,2008,144,200,159,51,554
"153",19,208259,1.67569675641259,168711,4817,13827,16891,2009,77,202,138,20,437
"163",19,208259,1.67569675641259,168711,4817,13827,16891,2010,127,270,125,43,565
"165",19,208259,1.67569675641259,168711,4817,13827,16891,2011,124,252,209,57,642
"155",19,208259,1.67569675641259,168711,4817,13827,16891,2012,96,295,159,36,586
"161",19,208259,1.67569675641259,168711,4817,13827,16891,2013,67,171,88,8,334
"159",19,208259,1.67569675641259,168711,4817,13827,16891,2014,18,69,41,6,134
"151",19,208259,1.67569675641259,168711,4817,13827,16891,2015,11,54,43,2,110
"158",19,208259,1.67569675641259,168711,4817,13827,16891,2017,8,21,8,0,37
"160",19,208259,1.67569675641259,168711,4817,13827,16891,2018,14,45,25,0,84
"154",19,208259,1.67569675641259,168711,4817,13827,16891,2019,16,74,42,1,133
"162",19,208259,1.67569675641259,168711,4817,13827,16891,2020,10,41,28,3,82
"180",20,102624,0.951368191250314,78880,3855,8609,9070,2005,23,63,40,28,154
"174",20,102624,0.951368191250314,78880,3855,8609,9070,2006,38,72,40,16,166
"170",20,102624,0.951368191250314,78880,3855,8609,9070,2007,95,119,65,33,312
"175",20,102624,0.951368191250314,78880,3855,8609,9070,2008,65,134,77,24,300
"171",20,102624,0.951368191250314,78880,3855,8609,9070,2009,92,240,118,22,472
"176",20,102624,0.951368191250314,78880,3855,8609,9070,2010,87,246,153,13,499
"177",20,102624,0.951368191250314,78880,3855,8609,9070,2011,83,175,132,27,417
"166",20,102624,0.951368191250314,78880,3855,8609,9070,2012,79,147,92,17,335
"172",20,102624,0.951368191250314,78880,3855,8609,9070,2013,29,66,55,8,158
"173",20,102624,0.951368191250314,78880,3855,8609,9070,2014,14,21,17,1,53
"169",20,102624,0.951368191250314,78880,3855,8609,9070,2015,2,15,10,1,28
"168",20,102624,0.951368191250314,78880,3855,8609,9070,2017,5,12,2,0,19
"178",20,102624,0.951368191250314,78880,3855,8609,9070,2018,5,22,10,1,38
"179",20,102624,0.951368191250314,78880,3855,8609,9070,2019,15,41,18,0,74
"167",20,102624,0.951368191250314,78880,3855,8609,9070,2020,8,21,10,0,39
"195",22,25,1.31700001296531,2,16,6,0,2005,9,13,11,5,38
"191",22,25,1.31700001296531,2,16,6,0,2006,2,8,2,0,12
"184",22,25,1.31700001296531,2,16,6,0,2007,2,10,11,0,23
"189",22,25,1.31700001296531,2,16,6,0,2008,7,18,6,2,33
"185",22,25,1.31700001296531,2,16,6,0,2009,6,12,9,0,27
"194",22,25,1.31700001296531,2,16,6,0,2010,6,19,14,0,39
"190",22,25,1.31700001296531,2,16,6,0,2011,13,20,17,3,53
"182",22,25,1.31700001296531,2,16,6,0,2012,5,5,14,2,26
"186",22,25,1.31700001296531,2,16,6,0,2013,3,9,4,0,16
"187",22,25,1.31700001296531,2,16,6,0,2014,0,5,1,1,7
"183",22,25,1.31700001296531,2,16,6,0,2015,0,1,3,0,4
"188",22,25,1.31700001296531,2,16,6,0,2017,0,0,2,0,2
"192",22,25,1.31700001296531,2,16,6,0,2018,0,4,0,0,4
"193",22,25,1.31700001296531,2,16,6,0,2019,1,15,1,1,18
"181",22,25,1.31700001296531,2,16,6,0,2020,4,2,0,0,6
"204",23,73106,0.738059403830719,10864,18582,36656,5617,2005,10,297,265,27,599
"206",23,73106,0.738059403830719,10864,18582,36656,5617,2006,23,323,265,12,623
"198",23,73106,0.738059403830719,10864,18582,36656,5617,2007,41,421,377,57,896
"203",23,73106,0.738059403830719,10864,18582,36656,5617,2008,48,593,461,32,1134
"199",23,73106,0.738059403830719,10864,18582,36656,5617,2009,55,739,571,77,1442
"209",23,73106,0.738059403830719,10864,18582,36656,5617,2010,40,702,670,59,1471
"210",23,73106,0.738059403830719,10864,18582,36656,5617,2011,26,530,363,32,951
"197",23,73106,0.738059403830719,10864,18582,36656,5617,2012,20,282,206,20,528
"205",23,73106,0.738059403830719,10864,18582,36656,5617,2013,15,161,117,14,307
"201",23,73106,0.738059403830719,10864,18582,36656,5617,2014,11,99,95,16,221
"200",23,73106,0.738059403830719,10864,18582,36656,5617,2015,2,22,15,2,41
"202",23,73106,0.738059403830719,10864,18582,36656,5617,2017,5,63,46,1,115
"208",23,73106,0.738059403830719,10864,18582,36656,5617,2018,2,39,40,0,81
"207",23,73106,0.738059403830719,10864,18582,36656,5617,2019,5,45,25,0,75
"196",23,73106,0.738059403830719,10864,18582,36656,5617,2020,7,49,32,3,91
"215",24,106460,0.876015252480154,61970,11979,22738,7139,2005,12,85,43,8,148
"211",24,106460,0.876015252480154,61970,11979,22738,7139,2006,19,101,79,13,212
"220",24,106460,0.876015252480154,61970,11979,22738,7139,2007,40,212,132,16,400
"221",24,106460,0.876015252480154,61970,11979,22738,7139,2008,23,208,120,15,366
"224",24,106460,0.876015252480154,61970,11979,22738,7139,2009,28,233,127,8,396
"219",24,106460,0.876015252480154,61970,11979,22738,7139,2010,55,310,154,37,556
"223",24,106460,0.876015252480154,61970,11979,22738,7139,2011,60,298,186,21,565
"212",24,106460,0.876015252480154,61970,11979,22738,7139,2012,46,193,160,11,410
"217",24,106460,0.876015252480154,61970,11979,22738,7139,2013,6,80,56,6,148
"213",24,106460,0.876015252480154,61970,11979,22738,7139,2014,4,33,25,1,63
"214",24,106460,0.876015252480154,61970,11979,22738,7139,2015,5,24,7,3,39
"216",24,106460,0.876015252480154,61970,11979,22738,7139,2017,1,25,24,0,50
"218",24,106460,0.876015252480154,61970,11979,22738,7139,2018,7,48,26,0,81
"222",24,106460,0.876015252480154,61970,11979,22738,7139,2019,6,44,14,1,65
"225",24,106460,0.876015252480154,61970,11979,22738,7139,2020,6,30,16,0,52
"229",25,47405,1.54012614966339,3578,19008,22634,1346,2005,11,291,145,30,477
"227",25,47405,1.54012614966339,3578,19008,22634,1346,2006,16,339,166,18,539
"226",25,47405,1.54012614966339,3578,19008,22634,1346,2007,26,686,294,35,1041
"231",25,47405,1.54012614966339,3578,19008,22634,1346,2008,33,829,415,71,1348
"239",25,47405,1.54012614966339,3578,19008,22634,1346,2009,42,753,297,45,1137
"235",25,47405,1.54012614966339,3578,19008,22634,1346,2010,55,845,396,47,1343
"238",25,47405,1.54012614966339,3578,19008,22634,1346,2011,31,529,241,34,835
"232",25,47405,1.54012614966339,3578,19008,22634,1346,2012,24,425,186,23,658
"228",25,47405,1.54012614966339,3578,19008,22634,1346,2013,14,220,106,19,359
"236",25,47405,1.54012614966339,3578,19008,22634,1346,2014,12,202,68,21,303
"230",25,47405,1.54012614966339,3578,19008,22634,1346,2015,6,80,29,12,127
"240",25,47405,1.54012614966339,3578,19008,22634,1346,2017,1,44,19,0,64
"234",25,47405,1.54012614966339,3578,19008,22634,1346,2018,4,26,13,1,44
"237",25,47405,1.54012614966339,3578,19008,22634,1346,2019,6,39,24,1,70
"233",25,47405,1.54012614966339,3578,19008,22634,1346,2020,1,43,18,0,62
"246",26,49508,0.819519702244048,19207,10158,12277,6299,2005,4,136,44,6,190
"251",26,49508,0.819519702244048,19207,10158,12277,6299,2006,8,134,38,3,183
"250",26,49508,0.819519702244048,19207,10158,12277,6299,2007,9,157,48,8,222
"241",26,49508,0.819519702244048,19207,10158,12277,6299,2008,6,203,84,11,304
"255",26,49508,0.819519702244048,19207,10158,12277,6299,2009,8,274,95,13,390
"242",26,49508,0.819519702244048,19207,10158,12277,6299,2010,14,335,116,11,476
"252",26,49508,0.819519702244048,19207,10158,12277,6299,2011,18,320,142,18,498
"253",26,49508,0.819519702244048,19207,10158,12277,6299,2012,14,310,103,16,443
"248",26,49508,0.819519702244048,19207,10158,12277,6299,2013,3,119,36,12,170
"249",26,49508,0.819519702244048,19207,10158,12277,6299,2014,1,40,20,5,66
"245",26,49508,0.819519702244048,19207,10158,12277,6299,2015,2,16,5,2,25
"254",26,49508,0.819519702244048,19207,10158,12277,6299,2017,1,19,12,0,32
"244",26,49508,0.819519702244048,19207,10158,12277,6299,2018,6,29,12,0,47
"243",26,49508,0.819519702244048,19207,10158,12277,6299,2019,4,28,11,0,43
"247",26,49508,0.819519702244048,19207,10158,12277,6299,2020,1,15,4,1,21
"260",28,44781,0.525588510221797,7227,25067,9393,1711,2005,15,332,45,15,407
"257",28,44781,0.525588510221797,7227,25067,9393,1711,2006,15,298,45,13,371
"259",28,44781,0.525588510221797,7227,25067,9393,1711,2007,16,389,38,15,458
"268",28,44781,0.525588510221797,7227,25067,9393,1711,2008,15,501,71,13,600
"266",28,44781,0.525588510221797,7227,25067,9393,1711,2009,14,428,56,13,511
"261",28,44781,0.525588510221797,7227,25067,9393,1711,2010,18,516,90,15,639
"263",28,44781,0.525588510221797,7227,25067,9393,1711,2011,14,420,66,11,511
"267",28,44781,0.525588510221797,7227,25067,9393,1711,2012,11,232,49,4,296
"258",28,44781,0.525588510221797,7227,25067,9393,1711,2013,3,86,22,4,115
"262",28,44781,0.525588510221797,7227,25067,9393,1711,2014,0,35,6,3,44
"264",28,44781,0.525588510221797,7227,25067,9393,1711,2015,0,12,3,1,16
"269",28,44781,0.525588510221797,7227,25067,9393,1711,2017,5,41,7,1,54
"270",28,44781,0.525588510221797,7227,25067,9393,1711,2018,1,19,5,0,25
"256",28,44781,0.525588510221797,7227,25067,9393,1711,2019,1,28,5,0,34
"265",28,44781,0.525588510221797,7227,25067,9393,1711,2020,1,35,7,1,44
"280",30,60685,0.647671581117827,6178,16951,34825,1549,2005,3,96,81,12,192
"276",30,60685,0.647671581117827,6178,16951,34825,1549,2006,3,63,37,11,114
"271",30,60685,0.647671581117827,6178,16951,34825,1549,2007,11,161,126,27,325
"279",30,60685,0.647671581117827,6178,16951,34825,1549,2008,5,143,130,17,295
"284",30,60685,0.647671581117827,6178,16951,34825,1549,2009,14,280,189,17,500
"281",30,60685,0.647671581117827,6178,16951,34825,1549,2010,9,233,205,34,481
"278",30,60685,0.647671581117827,6178,16951,34825,1549,2011,19,331,330,26,706
"272",30,60685,0.647671581117827,6178,16951,34825,1549,2012,23,324,257,17,621
"277",30,60685,0.647671581117827,6178,16951,34825,1549,2013,6,165,117,10,298
"273",30,60685,0.647671581117827,6178,16951,34825,1549,2014,4,26,25,5,60
"274",30,60685,0.647671581117827,6178,16951,34825,1549,2015,0,11,9,0,20
"283",30,60685,0.647671581117827,6178,16951,34825,1549,2017,0,11,11,0,22
"282",30,60685,0.647671581117827,6178,16951,34825,1549,2018,0,8,12,0,20
"275",30,60685,0.647671581117827,6178,16951,34825,1549,2019,0,26,9,1,36
"285",30,60685,0.647671581117827,6178,16951,34825,1549,2020,2,18,12,1,33
"292",32,70942,0.791060880920724,3823,47791,16299,1478,2005,3,128,17,6,154
"296",32,70942,0.791060880920724,3823,47791,16299,1478,2006,7,391,59,14,471
"287",32,70942,0.791060880920724,3823,47791,16299,1478,2007,14,589,75,16,694
"300",32,70942,0.791060880920724,3823,47791,16299,1478,2008,12,874,103,25,1014
"294",32,70942,0.791060880920724,3823,47791,16299,1478,2009,14,834,98,24,970
"290",32,70942,0.791060880920724,3823,47791,16299,1478,2010,20,924,114,17,1075
"299",32,70942,0.791060880920724,3823,47791,16299,1478,2011,26,1034,101,32,1193
"293",32,70942,0.791060880920724,3823,47791,16299,1478,2012,15,679,103,24,821
"288",32,70942,0.791060880920724,3823,47791,16299,1478,2013,8,249,45,7,309
"289",32,70942,0.791060880920724,3823,47791,16299,1478,2014,3,102,20,3,128
"286",32,70942,0.791060880920724,3823,47791,16299,1478,2015,1,62,14,4,81
"298",32,70942,0.791060880920724,3823,47791,16299,1478,2017,0,69,13,1,83
"291",32,70942,0.791060880920724,3823,47791,16299,1478,2018,4,33,12,0,49
"297",32,70942,0.791060880920724,3823,47791,16299,1478,2019,2,79,21,0,102
"295",32,70942,0.791060880920724,3823,47791,16299,1478,2020,0,38,8,1,47
"311",33,77645,0.889257183939266,8151,8661,57530,2244,2005,9,50,95,16,170
"309",33,77645,0.889257183939266,8151,8661,57530,2244,2006,8,62,71,8,149
"301",33,77645,0.889257183939266,8151,8661,57530,2244,2007,16,62,161,15,254
"315",33,77645,0.889257183939266,8151,8661,57530,2244,2008,14,129,268,9,420
"313",33,77645,0.889257183939266,8151,8661,57530,2244,2009,31,138,283,21,473
"303",33,77645,0.889257183939266,8151,8661,57530,2244,2010,21,105,223,6,355
"306",33,77645,0.889257183939266,8151,8661,57530,2244,2011,29,92,243,21,385
"310",33,77645,0.889257183939266,8151,8661,57530,2244,2012,12,46,167,15,240
"302",33,77645,0.889257183939266,8151,8661,57530,2244,2013,3,27,88,9,127
"308",33,77645,0.889257183939266,8151,8661,57530,2244,2014,1,10,20,1,32
"305",33,77645,0.889257183939266,8151,8661,57530,2244,2015,0,3,6,0,9
"304",33,77645,0.889257183939266,8151,8661,57530,2244,2017,4,20,37,2,63
"314",33,77645,0.889257183939266,8151,8661,57530,2244,2018,1,5,22,0,28
"307",33,77645,0.889257183939266,8151,8661,57530,2244,2019,1,11,24,0,36
"312",33,77645,0.889257183939266,8151,8661,57530,2244,2020,2,10,18,0,30
"323",34,112375,1.79179596518117,25291,5293,77446,2798,2005,6,28,131,16,181
"324",34,112375,1.79179596518117,25291,5293,77446,2798,2006,7,27,128,5,167
"317",34,112375,1.79179596518117,25291,5293,77446,2798,2007,14,78,234,5,331
"327",34,112375,1.79179596518117,25291,5293,77446,2798,2008,21,79,335,12,447
"325",34,112375,1.79179596518117,25291,5293,77446,2798,2009,8,82,258,16,364
"326",34,112375,1.79179596518117,25291,5293,77446,2798,2010,18,80,360,29,487
"322",34,112375,1.79179596518117,25291,5293,77446,2798,2011,18,58,324,34,434
"318",34,112375,1.79179596518117,25291,5293,77446,2798,2012,9,44,309,40,402
"321",34,112375,1.79179596518117,25291,5293,77446,2798,2013,18,34,229,11,292
"319",34,112375,1.79179596518117,25291,5293,77446,2798,2014,6,9,73,4,92
"320",34,112375,1.79179596518117,25291,5293,77446,2798,2015,0,4,10,0,14
"330",34,112375,1.79179596518117,25291,5293,77446,2798,2017,2,13,36,1,52
"329",34,112375,1.79179596518117,25291,5293,77446,2798,2018,2,5,37,0,44
"316",34,112375,1.79179596518117,25291,5293,77446,2798,2019,3,9,41,0,53
"328",34,112375,1.79179596518117,25291,5293,77446,2798,2020,4,10,23,0,37
"338",40,91497,2.07684180273771,1428,23680,64887,719,2005,8,276,299,78,661
"335",40,91497,2.07684180273771,1428,23680,64887,719,2006,8,313,359,41,721
"331",40,91497,2.07684180273771,1428,23680,64887,719,2007,13,314,363,25,715
"341",40,91497,2.07684180273771,1428,23680,64887,719,2008,9,313,364,30,716
"342",40,91497,2.07684180273771,1428,23680,64887,719,2009,11,269,314,14,608
"337",40,91497,2.07684180273771,1428,23680,64887,719,2010,16,502,559,21,1098
"332",40,91497,2.07684180273771,1428,23680,64887,719,2011,12,537,555,17,1121
"340",40,91497,2.07684180273771,1428,23680,64887,719,2012,16,456,558,14,1044
"333",40,91497,2.07684180273771,1428,23680,64887,719,2013,4,273,317,6,600
"344",40,91497,2.07684180273771,1428,23680,64887,719,2014,12,294,330,32,668
"334",40,91497,2.07684180273771,1428,23680,64887,719,2015,12,256,255,17,540
"345",40,91497,2.07684180273771,1428,23680,64887,719,2017,1,72,40,1,114
"343",40,91497,2.07684180273771,1428,23680,64887,719,2018,1,45,57,1,104
"336",40,91497,2.07684180273771,1428,23680,64887,719,2019,1,46,43,0,90
"339",40,91497,2.07684180273771,1428,23680,64887,719,2020,0,54,43,2,99
"353",41,52246,2.13659507826566,694,11536,39089,433,2005,9,124,147,1,281
"360",41,52246,2.13659507826566,694,11536,39089,433,2006,10,98,112,5,225
"347",41,52246,2.13659507826566,694,11536,39089,433,2007,5,86,140,13,244
"354",41,52246,2.13659507826566,694,11536,39089,433,2008,7,206,269,45,527
"352",41,52246,2.13659507826566,694,11536,39089,433,2009,10,172,227,56,465
"351",41,52246,2.13659507826566,694,11536,39089,433,2010,6,210,356,52,624
"349",41,52246,2.13659507826566,694,11536,39089,433,2011,7,172,286,38,503
"356",41,52246,2.13659507826566,694,11536,39089,433,2012,14,162,200,28,404
"348",41,52246,2.13659507826566,694,11536,39089,433,2013,5,44,55,5,109
"359",41,52246,2.13659507826566,694,11536,39089,433,2014,0,27,47,5,79
"346",41,52246,2.13659507826566,694,11536,39089,433,2015,2,37,40,0,79
"355",41,52246,2.13659507826566,694,11536,39089,433,2017,1,8,11,0,20
"357",41,52246,2.13659507826566,694,11536,39089,433,2018,0,9,14,0,23
"350",41,52246,2.13659507826566,694,11536,39089,433,2019,1,16,18,0,35
"358",41,52246,2.13659507826566,694,11536,39089,433,2020,0,17,9,0,26
"366",42,79762,1.54090878184633,918,31387,46013,610,2005,3,231,109,26,369
"373",42,79762,1.54090878184633,918,31387,46013,610,2006,5,292,174,32,503
"363",42,79762,1.54090878184633,918,31387,46013,610,2007,6,330,176,20,532
"368",42,79762,1.54090878184633,918,31387,46013,610,2008,5,397,202,36,640
"375",42,79762,1.54090878184633,918,31387,46013,610,2009,2,264,147,10,423
"365",42,79762,1.54090878184633,918,31387,46013,610,2010,5,517,259,29,810
"367",42,79762,1.54090878184633,918,31387,46013,610,2011,9,479,275,23,786
"374",42,79762,1.54090878184633,918,31387,46013,610,2012,9,412,251,15,687
"362",42,79762,1.54090878184633,918,31387,46013,610,2013,3,162,118,8,291
"372",42,79762,1.54090878184633,918,31387,46013,610,2014,3,128,103,11,245
"361",42,79762,1.54090878184633,918,31387,46013,610,2015,0,88,56,9,153
"369",42,79762,1.54090878184633,918,31387,46013,610,2017,1,60,39,0,100
"370",42,79762,1.54090878184633,918,31387,46013,610,2018,0,41,20,0,61
"364",42,79762,1.54090878184633,918,31387,46013,610,2019,2,60,34,1,97
"371",42,79762,1.54090878184633,918,31387,46013,610,2020,1,51,23,0,75
"385",43,172122,3.89595784601951,4739,53042,99213,10499,2005,5,174,151,22,352
"382",43,172122,3.89595784601951,4739,53042,99213,10499,2006,22,360,297,28,707
"378",43,172122,3.89595784601951,4739,53042,99213,10499,2007,17,361,337,13,728
"384",43,172122,3.89595784601951,4739,53042,99213,10499,2008,19,374,355,46,794
"389",43,172122,3.89595784601951,4739,53042,99213,10499,2009,29,507,475,39,1050
"376",43,172122,3.89595784601951,4739,53042,99213,10499,2010,24,512,474,62,1072
"386",43,172122,3.89595784601951,4739,53042,99213,10499,2011,21,502,600,77,1200
"383",43,172122,3.89595784601951,4739,53042,99213,10499,2012,14,382,398,24,818
"377",43,172122,3.89595784601951,4739,53042,99213,10499,2013,3,153,125,8,289
"388",43,172122,3.89595784601951,4739,53042,99213,10499,2014,1,75,75,3,154
"381",43,172122,3.89595784601951,4739,53042,99213,10499,2015,2,83,86,10,181
"387",43,172122,3.89595784601951,4739,53042,99213,10499,2017,0,14,22,2,38
"390",43,172122,3.89595784601951,4739,53042,99213,10499,2018,1,65,42,2,110
"379",43,172122,3.89595784601951,4739,53042,99213,10499,2019,2,41,37,0,80
"380",43,172122,3.89595784601951,4739,53042,99213,10499,2020,2,52,32,0,86
"395",44,146441,1.90921118010283,2193,47344,92338,2568,2005,11,83,86,23,203
"402",44,146441,1.90921118010283,2193,47344,92338,2568,2006,6,132,104,9,251
"392",44,146441,1.90921118010283,2193,47344,92338,2568,2007,6,165,141,31,343
"393",44,146441,1.90921118010283,2193,47344,92338,2568,2008,5,195,140,39,379
"403",44,146441,1.90921118010283,2193,47344,92338,2568,2009,9,231,227,48,515
"399",44,146441,1.90921118010283,2193,47344,92338,2568,2010,16,587,536,63,1202
"396",44,146441,1.90921118010283,2193,47344,92338,2568,2011,32,628,534,70,1264
"405",44,146441,1.90921118010283,2193,47344,92338,2568,2012,37,582,671,45,1335
"394",44,146441,1.90921118010283,2193,47344,92338,2568,2013,18,220,315,10,563
"401",44,146441,1.90921118010283,2193,47344,92338,2568,2014,2,87,102,0,191
"397",44,146441,1.90921118010283,2193,47344,92338,2568,2015,1,33,29,0,63
"398",44,146441,1.90921118010283,2193,47344,92338,2568,2017,1,38,42,1,82
"404",44,146441,1.90921118010283,2193,47344,92338,2568,2018,3,30,38,0,71
"391",44,146441,1.90921118010283,2193,47344,92338,2568,2019,1,35,29,1,66
"400",44,146441,1.90921118010283,2193,47344,92338,2568,2020,0,20,29,0,49
"406",45,120833,9.3352139559453,41615,26967,44175,5816,2005,24,52,45,19,140
"420",45,120833,9.3352139559453,41615,26967,44175,5816,2006,41,70,76,17,204
"407",45,120833,9.3352139559453,41615,26967,44175,5816,2007,33,50,65,13,161
"408",45,120833,9.3352139559453,41615,26967,44175,5816,2008,29,62,74,9,174
"409",45,120833,9.3352139559453,41615,26967,44175,5816,2009,41,90,100,14,245
"412",45,120833,9.3352139559453,41615,26967,44175,5816,2010,53,127,130,8,318
"418",45,120833,9.3352139559453,41615,26967,44175,5816,2011,67,128,135,16,346
"413",45,120833,9.3352139559453,41615,26967,44175,5816,2012,58,144,105,16,323
"410",45,120833,9.3352139559453,41615,26967,44175,5816,2013,19,32,38,2,91
"415",45,120833,9.3352139559453,41615,26967,44175,5816,2014,7,21,11,2,41
"411",45,120833,9.3352139559453,41615,26967,44175,5816,2015,6,8,13,1,28
"419",45,120833,9.3352139559453,41615,26967,44175,5816,2017,0,9,5,2,16
"417",45,120833,9.3352139559453,41615,26967,44175,5816,2018,2,8,4,0,14
"416",45,120833,9.3352139559453,41615,26967,44175,5816,2019,4,13,14,0,31
"414",45,120833,9.3352139559453,41615,26967,44175,5816,2020,2,15,6,0,23
"428",46,128200,1.31761625093656,1791,36795,85600,2267,2005,10,222,208,7,447
"429",46,128200,1.31761625093656,1791,36795,85600,2267,2006,4,189,195,19,407
"421",46,128200,1.31761625093656,1791,36795,85600,2267,2007,8,225,231,45,509
"427",46,128200,1.31761625093656,1791,36795,85600,2267,2008,7,160,186,36,389
"424",46,128200,1.31761625093656,1791,36795,85600,2267,2009,15,215,238,52,520
"423",46,128200,1.31761625093656,1791,36795,85600,2267,2010,9,222,229,22,482
"432",46,128200,1.31761625093656,1791,36795,85600,2267,2011,1,148,163,1,313
"434",46,128200,1.31761625093656,1791,36795,85600,2267,2012,3,118,121,14,256
"430",46,128200,1.31761625093656,1791,36795,85600,2267,2013,1,35,34,2,72
"435",46,128200,1.31761625093656,1791,36795,85600,2267,2014,0,22,23,0,45
"425",46,128200,1.31761625093656,1791,36795,85600,2267,2015,1,13,13,0,27
"422",46,128200,1.31761625093656,1791,36795,85600,2267,2017,2,44,45,4,95
"433",46,128200,1.31761625093656,1791,36795,85600,2267,2018,0,42,37,1,80
"426",46,128200,1.31761625093656,1791,36795,85600,2267,2019,2,37,31,0,70
"431",46,128200,1.31761625093656,1791,36795,85600,2267,2020,6,51,44,2,103
"437",47,152374,5.51972817766751,10871,99102,34919,3509,2005,18,219,51,29,317
"436",47,152374,5.51972817766751,10871,99102,34919,3509,2006,13,251,70,15,349
"441",47,152374,5.51972817766751,10871,99102,34919,3509,2007,23,335,105,11,474
"442",47,152374,5.51972817766751,10871,99102,34919,3509,2008,11,406,126,31,574
"439",47,152374,5.51972817766751,10871,99102,34919,3509,2009,14,328,102,14,458
"446",47,152374,5.51972817766751,10871,99102,34919,3509,2010,29,927,164,47,1167
"440",47,152374,5.51972817766751,10871,99102,34919,3509,2011,20,706,163,30,919
"443",47,152374,5.51972817766751,10871,99102,34919,3509,2012,15,461,132,21,629
"448",47,152374,5.51972817766751,10871,99102,34919,3509,2013,4,203,28,5,240
"450",47,152374,5.51972817766751,10871,99102,34919,3509,2014,2,108,52,6,168
"444",47,152374,5.51972817766751,10871,99102,34919,3509,2015,2,147,58,6,213
"445",47,152374,5.51972817766751,10871,99102,34919,3509,2017,0,40,11,1,52
"449",47,152374,5.51972817766751,10871,99102,34919,3509,2018,0,17,5,0,22
"438",47,152374,5.51972817766751,10871,99102,34919,3509,2019,0,57,18,0,75
"447",47,152374,5.51972817766751,10871,99102,34919,3509,2020,0,48,14,0,62
"463",48,83266,1.48650517866485,6219,21548,53447,1124,2005,5,53,57,22,137
"464",48,83266,1.48650517866485,6219,21548,53447,1124,2006,6,80,85,0,171
"452",48,83266,1.48650517866485,6219,21548,53447,1124,2007,5,95,88,5,193
"451",48,83266,1.48650517866485,6219,21548,53447,1124,2008,6,105,105,7,223
"454",48,83266,1.48650517866485,6219,21548,53447,1124,2009,7,115,139,7,268
"459",48,83266,1.48650517866485,6219,21548,53447,1124,2010,14,173,254,61,502
"465",48,83266,1.48650517866485,6219,21548,53447,1124,2011,23,156,145,29,353
"456",48,83266,1.48650517866485,6219,21548,53447,1124,2012,3,92,89,9,193
"461",48,83266,1.48650517866485,6219,21548,53447,1124,2013,1,27,33,1,62
"457",48,83266,1.48650517866485,6219,21548,53447,1124,2014,2,15,7,3,27
"458",48,83266,1.48650517866485,6219,21548,53447,1124,2015,1,9,11,0,21
"460",48,83266,1.48650517866485,6219,21548,53447,1124,2017,1,25,19,0,45
"455",48,83266,1.48650517866485,6219,21548,53447,1124,2018,3,20,24,0,47
"453",48,83266,1.48650517866485,6219,21548,53447,1124,2019,2,34,22,0,58
"462",48,83266,1.48650517866485,6219,21548,53447,1124,2020,0,29,18,0,47
"468",49,114712,3.6378204439109,31212,23367,48721,8996,2005,10,74,42,1,127
"469",49,114712,3.6378204439109,31212,23367,48721,8996,2006,14,66,52,6,138
"467",49,114712,3.6378204439109,31212,23367,48721,8996,2007,10,78,71,1,160
"472",49,114712,3.6378204439109,31212,23367,48721,8996,2008,16,96,96,8,216
"477",49,114712,3.6378204439109,31212,23367,48721,8996,2009,24,179,134,20,357
"476",49,114712,3.6378204439109,31212,23367,48721,8996,2010,38,205,181,29,453
"473",49,114712,3.6378204439109,31212,23367,48721,8996,2011,42,174,147,15,378
"474",49,114712,3.6378204439109,31212,23367,48721,8996,2012,44,158,132,15,349
"478",49,114712,3.6378204439109,31212,23367,48721,8996,2013,16,45,42,3,106
"479",49,114712,3.6378204439109,31212,23367,48721,8996,2014,5,28,24,2,59
"470",49,114712,3.6378204439109,31212,23367,48721,8996,2015,16,29,56,4,105
"475",49,114712,3.6378204439109,31212,23367,48721,8996,2017,7,50,38,1,96
"471",49,114712,3.6378204439109,31212,23367,48721,8996,2018,5,16,17,0,38
"466",49,114712,3.6378204439109,31212,23367,48721,8996,2019,2,31,18,0,51
"480",49,114712,3.6378204439109,31212,23367,48721,8996,2020,8,29,7,0,44
"482",50,101720,4.69122339432268,39181,11432,44156,5194,2005,15,23,71,5,114
"488",50,101720,4.69122339432268,39181,11432,44156,5194,2006,0,3,6,0,9
"485",50,101720,4.69122339432268,39181,11432,44156,5194,2007,13,16,52,1,82
"481",50,101720,4.69122339432268,39181,11432,44156,5194,2008,26,56,84,4,170
"483",50,101720,4.69122339432268,39181,11432,44156,5194,2009,27,65,110,6,208
"489",50,101720,4.69122339432268,39181,11432,44156,5194,2010,42,76,139,7,264
"487",50,101720,4.69122339432268,39181,11432,44156,5194,2011,36,84,177,7,304
"491",50,101720,4.69122339432268,39181,11432,44156,5194,2012,22,56,115,10,203
"494",50,101720,4.69122339432268,39181,11432,44156,5194,2013,5,29,38,4,76
"492",50,101720,4.69122339432268,39181,11432,44156,5194,2014,1,3,10,0,14
"484",50,101720,4.69122339432268,39181,11432,44156,5194,2015,2,5,6,0,13
"490",50,101720,4.69122339432268,39181,11432,44156,5194,2017,1,4,5,0,10
"486",50,101720,4.69122339432268,39181,11432,44156,5194,2018,1,2,5,0,8
"493",50,101720,4.69122339432268,39181,11432,44156,5194,2019,4,10,16,0,30
"495",50,101720,4.69122339432268,39181,11432,44156,5194,2020,3,12,19,0,34
"499",52,139307,2.7367897704634,10034,26171,90981,9506,2005,11,75,111,24,221
"497",52,139307,2.7367897704634,10034,26171,90981,9506,2006,7,48,99,6,160
"498",52,139307,2.7367897704634,10034,26171,90981,9506,2007,19,102,188,21,330
"506",52,139307,2.7367897704634,10034,26171,90981,9506,2008,15,130,258,29,432
"502",52,139307,2.7367897704634,10034,26171,90981,9506,2009,19,154,238,28,439
"503",52,139307,2.7367897704634,10034,26171,90981,9506,2010,25,275,505,30,835
"500",52,139307,2.7367897704634,10034,26171,90981,9506,2011,28,223,377,29,657
"504",52,139307,2.7367897704634,10034,26171,90981,9506,2012,14,142,277,13,446
"508",52,139307,2.7367897704634,10034,26171,90981,9506,2013,7,59,89,4,159
"509",52,139307,2.7367897704634,10034,26171,90981,9506,2014,1,14,21,3,39
"496",52,139307,2.7367897704634,10034,26171,90981,9506,2015,3,5,13,0,21
"510",52,139307,2.7367897704634,10034,26171,90981,9506,2017,1,30,30,0,61
"505",52,139307,2.7367897704634,10034,26171,90981,9506,2018,0,17,30,0,47
"507",52,139307,2.7367897704634,10034,26171,90981,9506,2019,3,28,29,2,62
"501",52,139307,2.7367897704634,10034,26171,90981,9506,2020,2,31,62,1,96
"514",60,104278,3.03141735060217,59405,13401,17423,12493,2005,105,210,117,18,450
"520",60,104278,3.03141735060217,59405,13401,17423,12493,2006,70,159,92,13,334
"511",60,104278,3.03141735060217,59405,13401,17423,12493,2007,73,105,71,14,263
"524",60,104278,3.03141735060217,59405,13401,17423,12493,2008,88,162,93,17,360
"525",60,104278,3.03141735060217,59405,13401,17423,12493,2009,78,189,93,17,377
"516",60,104278,3.03141735060217,59405,13401,17423,12493,2010,164,316,189,21,690
"515",60,104278,3.03141735060217,59405,13401,17423,12493,2011,171,305,169,25,670
"513",60,104278,3.03141735060217,59405,13401,17423,12493,2012,154,204,123,19,500
"517",60,104278,3.03141735060217,59405,13401,17423,12493,2013,83,101,84,17,285
"519",60,104278,3.03141735060217,59405,13401,17423,12493,2014,19,36,13,2,70
"512",60,104278,3.03141735060217,59405,13401,17423,12493,2015,14,59,23,3,99
"522",60,104278,3.03141735060217,59405,13401,17423,12493,2017,25,23,27,3,78
"523",60,104278,3.03141735060217,59405,13401,17423,12493,2018,14,28,20,0,62
"521",60,104278,3.03141735060217,59405,13401,17423,12493,2019,20,57,24,0,101
"518",60,104278,3.03141735060217,59405,13401,17423,12493,2020,21,22,11,0,54
"528",61,159645,4.62894868939962,114720,5298,13029,24209,2005,143,95,32,30,300
"539",61,159645,4.62894868939962,114720,5298,13029,24209,2006,168,101,39,20,328
"526",61,159645,4.62894868939962,114720,5298,13029,24209,2007,113,90,49,10,262
"537",61,159645,4.62894868939962,114720,5298,13029,24209,2008,92,61,37,13,203
"538",61,159645,4.62894868939962,114720,5298,13029,24209,2009,69,98,34,9,210
"531",61,159645,4.62894868939962,114720,5298,13029,24209,2010,115,93,49,12,269
"540",61,159645,4.62894868939962,114720,5298,13029,24209,2011,134,77,45,9,265
"527",61,159645,4.62894868939962,114720,5298,13029,24209,2012,92,69,24,8,193
"532",61,159645,4.62894868939962,114720,5298,13029,24209,2013,61,39,13,1,114
"533",61,159645,4.62894868939962,114720,5298,13029,24209,2014,3,10,1,1,15
"529",61,159645,4.62894868939962,114720,5298,13029,24209,2015,8,9,5,0,22
"535",61,159645,4.62894868939962,114720,5298,13029,24209,2017,28,22,5,3,58
"536",61,159645,4.62894868939962,114720,5298,13029,24209,2018,17,20,5,1,43
"530",61,159645,4.62894868939962,114720,5298,13029,24209,2019,23,24,3,0,50
"534",61,159645,4.62894868939962,114720,5298,13029,24209,2020,23,16,9,0,48
"547",62,181981,3.54841436219181,90741,1362,24239,63093,2005,112,17,50,23,202
"552",62,181981,3.54841436219181,90741,1362,24239,63093,2006,98,9,46,5,158
"544",62,181981,3.54841436219181,90741,1362,24239,63093,2007,185,14,48,4,251
"548",62,181981,3.54841436219181,90741,1362,24239,63093,2008,115,22,68,7,212
"549",62,181981,3.54841436219181,90741,1362,24239,63093,2009,100,30,63,13,206
"541",62,181981,3.54841436219181,90741,1362,24239,63093,2010,91,14,55,20,180
"551",62,181981,3.54841436219181,90741,1362,24239,63093,2011,108,7,58,21,194
"553",62,181981,3.54841436219181,90741,1362,24239,63093,2012,105,20,46,24,195
"546",62,181981,3.54841436219181,90741,1362,24239,63093,2013,63,13,25,14,115
"554",62,181981,3.54841436219181,90741,1362,24239,63093,2014,23,4,11,7,45
"542",62,181981,3.54841436219181,90741,1362,24239,63093,2015,21,13,9,4,47
"545",62,181981,3.54841436219181,90741,1362,24239,63093,2017,21,13,11,2,47
"550",62,181981,3.54841436219181,90741,1362,24239,63093,2018,10,9,15,0,34
"543",62,181981,3.54841436219181,90741,1362,24239,63093,2019,16,31,9,0,56
"555",62,181981,3.54841436219181,90741,1362,24239,63093,2020,7,10,22,0,39
"559",63,108646,7.89382132786271,45309,46606,9247,5265,2005,17,107,11,2,137
"560",63,108646,7.89382132786271,45309,46606,9247,5265,2006,12,54,2,0,68
"556",63,108646,7.89382132786271,45309,46606,9247,5265,2007,5,36,2,4,47
"562",63,108646,7.89382132786271,45309,46606,9247,5265,2008,9,58,6,3,76
"569",63,108646,7.89382132786271,45309,46606,9247,5265,2009,7,82,5,2,96
"561",63,108646,7.89382132786271,45309,46606,9247,5265,2010,11,116,14,8,149
"563",63,108646,7.89382132786271,45309,46606,9247,5265,2011,27,183,24,3,237
"566",63,108646,7.89382132786271,45309,46606,9247,5265,2012,31,157,9,0,197
"565",63,108646,7.89382132786271,45309,46606,9247,5265,2013,5,68,5,1,79
"568",63,108646,7.89382132786271,45309,46606,9247,5265,2014,3,14,1,0,18
"557",63,108646,7.89382132786271,45309,46606,9247,5265,2015,0,7,1,0,8
"564",63,108646,7.89382132786271,45309,46606,9247,5265,2017,4,20,8,0,32
"570",63,108646,7.89382132786271,45309,46606,9247,5265,2018,6,30,1,0,37
"558",63,108646,7.89382132786271,45309,46606,9247,5265,2019,9,60,4,0,73
"567",63,108646,7.89382132786271,45309,46606,9247,5265,2020,2,36,2,0,40
"574",66,191382,3.42166753051439,125152,4338,24854,34057,2005,28,21,31,12,92
"583",66,191382,3.42166753051439,125152,4338,24854,34057,2006,15,8,41,9,73
"571",66,191382,3.42166753051439,125152,4338,24854,34057,2007,86,67,173,41,367
"577",66,191382,3.42166753051439,125152,4338,24854,34057,2008,150,93,277,110,630
"584",66,191382,3.42166753051439,125152,4338,24854,34057,2009,165,67,326,111,669
"573",66,191382,3.42166753051439,125152,4338,24854,34057,2010,97,48,198,76,419
"576",66,191382,3.42166753051439,125152,4338,24854,34057,2011,76,58,132,60,326
"575",66,191382,3.42166753051439,125152,4338,24854,34057,2012,73,41,154,54,322
"578",66,191382,3.42166753051439,125152,4338,24854,34057,2013,47,34,79,38,198
"580",66,191382,3.42166753051439,125152,4338,24854,34057,2014,21,20,41,16,98
"572",66,191382,3.42166753051439,125152,4338,24854,34057,2015,21,14,46,8,89
"579",66,191382,3.42166753051439,125152,4338,24854,34057,2017,1,4,4,1,10
"585",66,191382,3.42166753051439,125152,4338,24854,34057,2018,2,0,0,0,2
"581",66,191382,3.42166753051439,125152,4338,24854,34057,2019,2,4,8,0,14
"582",66,191382,3.42166753051439,125152,4338,24854,34057,2020,6,2,13,1,22
"586",67,155252,3.22309606350577,2204,137243,10536,2191,2005,0,101,2,8,111
"598",67,155252,3.22309606350577,2204,137243,10536,2191,2006,8,147,2,0,157
"591",67,155252,3.22309606350577,2204,137243,10536,2191,2007,5,468,13,2,488
"596",67,155252,3.22309606350577,2204,137243,10536,2191,2008,2,328,12,11,353
"599",67,155252,3.22309606350577,2204,137243,10536,2191,2009,1,564,12,11,588
"587",67,155252,3.22309606350577,2204,137243,10536,2191,2010,1,408,13,7,429
"595",67,155252,3.22309606350577,2204,137243,10536,2191,2011,5,378,13,24,420
"588",67,155252,3.22309606350577,2204,137243,10536,2191,2012,2,287,5,8,302
"590",67,155252,3.22309606350577,2204,137243,10536,2191,2013,1,210,5,11,227
"600",67,155252,3.22309606350577,2204,137243,10536,2191,2014,0,90,0,3,93
"592",67,155252,3.22309606350577,2204,137243,10536,2191,2015,1,38,1,0,40
"593",67,155252,3.22309606350577,2204,137243,10536,2191,2017,0,44,1,1,46
"597",67,155252,3.22309606350577,2204,137243,10536,2191,2018,0,58,6,0,64
"589",67,155252,3.22309606350577,2204,137243,10536,2191,2019,2,98,4,1,105
"594",67,155252,3.22309606350577,2204,137243,10536,2191,2020,1,60,6,0,67
"607",68,124491,3.81434247934076,76537,1757,17868,25863,2005,75,27,50,33,185
"611",68,124491,3.81434247934076,76537,1757,17868,25863,2006,86,20,42,6,154
"605",68,124491,3.81434247934076,76537,1757,17868,25863,2007,98,11,55,11,175
"606",68,124491,3.81434247934076,76537,1757,17868,25863,2008,123,28,85,7,243
"612",68,124491,3.81434247934076,76537,1757,17868,25863,2009,177,21,95,13,306
"608",68,124491,3.81434247934076,76537,1757,17868,25863,2010,147,28,78,5,258
"609",68,124491,3.81434247934076,76537,1757,17868,25863,2011,151,32,112,26,321
"614",68,124491,3.81434247934076,76537,1757,17868,25863,2012,88,11,73,12,184
"601",68,124491,3.81434247934076,76537,1757,17868,25863,2013,68,13,48,23,152
"610",68,124491,3.81434247934076,76537,1757,17868,25863,2014,5,2,7,2,16
"603",68,124491,3.81434247934076,76537,1757,17868,25863,2015,2,2,5,1,10
"604",68,124491,3.81434247934076,76537,1757,17868,25863,2017,5,9,12,10,36
"615",68,124491,3.81434247934076,76537,1757,17868,25863,2018,8,2,4,0,14
"602",68,124491,3.81434247934076,76537,1757,17868,25863,2019,13,7,15,0,35
"613",68,124491,3.81434247934076,76537,1757,17868,25863,2020,10,7,6,0,23
"623",69,84480,4.06934465968646,4972,68396,7059,2434,2005,3,75,18,7,103
"620",69,84480,4.06934465968646,4972,68396,7059,2434,2006,5,120,16,6,147
"618",69,84480,4.06934465968646,4972,68396,7059,2434,2007,4,178,10,0,192
"619",69,84480,4.06934465968646,4972,68396,7059,2434,2008,1,217,9,8,235
"629",69,84480,4.06934465968646,4972,68396,7059,2434,2009,4,226,22,2,254
"622",69,84480,4.06934465968646,4972,68396,7059,2434,2010,2,267,12,2,283
"624",69,84480,4.06934465968646,4972,68396,7059,2434,2011,5,183,5,6,199
"628",69,84480,4.06934465968646,4972,68396,7059,2434,2012,2,154,11,1,168
"626",69,84480,4.06934465968646,4972,68396,7059,2434,2013,0,151,8,1,160
"625",69,84480,4.06934465968646,4972,68396,7059,2434,2014,0,57,5,0,62
"616",69,84480,4.06934465968646,4972,68396,7059,2434,2015,0,16,2,1,19
"617",69,84480,4.06934465968646,4972,68396,7059,2434,2017,1,45,5,2,53
"630",69,84480,4.06934465968646,4972,68396,7059,2434,2018,1,39,2,1,43
"621",69,84480,4.06934465968646,4972,68396,7059,2434,2019,2,53,2,1,58
"627",69,84480,4.06934465968646,4972,68396,7059,2434,2020,0,31,2,1,34
"640",70,160664,2.82532187687552,59590,56948,25165,15530,2005,19,277,51,28,375
"634",70,160664,2.82532187687552,59590,56948,25165,15530,2006,19,211,39,10,279
"636",70,160664,2.82532187687552,59590,56948,25165,15530,2007,25,184,57,15,281
"631",70,160664,2.82532187687552,59590,56948,25165,15530,2008,7,236,85,13,341
"645",70,160664,2.82532187687552,59590,56948,25165,15530,2009,6,221,55,21,303
"632",70,160664,2.82532187687552,59590,56948,25165,15530,2010,13,219,43,19,294
"633",70,160664,2.82532187687552,59590,56948,25165,15530,2011,13,182,38,21,254
"637",70,160664,2.82532187687552,59590,56948,25165,15530,2012,21,104,18,9,152
"641",70,160664,2.82532187687552,59590,56948,25165,15530,2013,21,95,28,8,152
"638",70,160664,2.82532187687552,59590,56948,25165,15530,2014,0,29,5,0,34
"639",70,160664,2.82532187687552,59590,56948,25165,15530,2015,1,21,5,3,30
"635",70,160664,2.82532187687552,59590,56948,25165,15530,2017,3,25,5,0,33
"643",70,160664,2.82532187687552,59590,56948,25165,15530,2018,2,25,3,0,30
"644",70,160664,2.82532187687552,59590,56948,25165,15530,2019,4,33,6,0,43
"642",70,160664,2.82532187687552,59590,56948,25165,15530,2020,2,24,4,0,30
"646",71,98429,1.55836331325973,18825,66958,9157,1438,2005,0,61,4,3,68
"648",71,98429,1.55836331325973,18825,66958,9157,1438,2006,3,131,5,3,142
"655",71,98429,1.55836331325973,18825,66958,9157,1438,2007,6,166,9,9,190
"651",71,98429,1.55836331325973,18825,66958,9157,1438,2008,2,201,7,3,213
"657",71,98429,1.55836331325973,18825,66958,9157,1438,2009,2,265,11,3,281
"649",71,98429,1.55836331325973,18825,66958,9157,1438,2010,5,239,18,6,268
"647",71,98429,1.55836331325973,18825,66958,9157,1438,2011,11,479,29,8,527
"650",71,98429,1.55836331325973,18825,66958,9157,1438,2012,8,311,22,13,354
"654",71,98429,1.55836331325973,18825,66958,9157,1438,2013,5,220,18,10,253
"652",71,98429,1.55836331325973,18825,66958,9157,1438,2014,1,43,6,1,51
"658",71,98429,1.55836331325973,18825,66958,9157,1438,2015,2,29,1,0,32
"660",71,98429,1.55836331325973,18825,66958,9157,1438,2017,1,27,3,0,31
"656",71,98429,1.55836331325973,18825,66958,9157,1438,2018,2,20,0,0,22
"653",71,98429,1.55836331325973,18825,66958,9157,1438,2019,0,67,5,0,72
"659",71,98429,1.55836331325973,18825,66958,9157,1438,2020,0,27,3,0,30
"661",72,126230,3.59859055713237,29464,3688,57375,33499,2005,16,18,100,15,149
"675",72,126230,3.59859055713237,29464,3688,57375,33499,2006,5,35,79,13,132
"670",72,126230,3.59859055713237,29464,3688,57375,33499,2007,11,25,129,16,181
"666",72,126230,3.59859055713237,29464,3688,57375,33499,2008,16,36,130,19,201
"671",72,126230,3.59859055713237,29464,3688,57375,33499,2009,19,25,265,3,312
"662",72,126230,3.59859055713237,29464,3688,57375,33499,2010,21,21,270,25,337
"663",72,126230,3.59859055713237,29464,3688,57375,33499,2011,24,18,162,18,222
"667",72,126230,3.59859055713237,29464,3688,57375,33499,2012,13,30,170,17,230
"668",72,126230,3.59859055713237,29464,3688,57375,33499,2013,21,16,101,20,158
"665",72,126230,3.59859055713237,29464,3688,57375,33499,2014,0,1,11,1,13
"664",72,126230,3.59859055713237,29464,3688,57375,33499,2015,1,1,16,2,20
"669",72,126230,3.59859055713237,29464,3688,57375,33499,2017,10,11,37,2,60
"674",72,126230,3.59859055713237,29464,3688,57375,33499,2018,7,15,17,0,39
"672",72,126230,3.59859055713237,29464,3688,57375,33499,2019,9,17,44,1,71
"673",72,126230,3.59859055713237,29464,3688,57375,33499,2020,7,8,34,0,49
"679",73,86468,1.78000130987149,858,65930,17369,907,2005,1,143,24,9,177
"688",73,86468,1.78000130987149,858,65930,17369,907,2006,2,195,19,5,221
"686",73,86468,1.78000130987149,858,65930,17369,907,2007,5,368,45,11,429
"681",73,86468,1.78000130987149,858,65930,17369,907,2008,11,441,80,34,566
"683",73,86468,1.78000130987149,858,65930,17369,907,2009,12,455,92,38,597
"684",73,86468,1.78000130987149,858,65930,17369,907,2010,11,597,89,23,720
"680",73,86468,1.78000130987149,858,65930,17369,907,2011,11,969,134,33,1147
"685",73,86468,1.78000130987149,858,65930,17369,907,2012,8,421,64,20,513
"676",73,86468,1.78000130987149,858,65930,17369,907,2013,3,257,44,10,314
"682",73,86468,1.78000130987149,858,65930,17369,907,2014,3,96,20,3,122
"687",73,86468,1.78000130987149,858,65930,17369,907,2015,1,38,7,1,47
"690",73,86468,1.78000130987149,858,65930,17369,907,2017,1,65,2,0,68
"689",73,86468,1.78000130987149,858,65930,17369,907,2018,0,59,8,1,68
"677",73,86468,1.78000130987149,858,65930,17369,907,2019,1,57,9,0,67
"678",73,86468,1.78000130987149,858,65930,17369,907,2020,1,57,4,1,63
"694",75,183328,6.64398108449713,6245,94685,67131,9779,2005,21,478,187,66,752
"703",75,183328,6.64398108449713,6245,94685,67131,9779,2006,15,305,77,19,416
"692",75,183328,6.64398108449713,6245,94685,67131,9779,2007,28,477,193,41,739
"696",75,183328,6.64398108449713,6245,94685,67131,9779,2008,18,471,162,33,684
"697",75,183328,6.64398108449713,6245,94685,67131,9779,2009,14,650,196,30,890
"691",75,183328,6.64398108449713,6245,94685,67131,9779,2010,17,766,244,56,1083
"693",75,183328,6.64398108449713,6245,94685,67131,9779,2011,11,811,235,48,1105
"698",75,183328,6.64398108449713,6245,94685,67131,9779,2012,4,466,127,15,612
"701",75,183328,6.64398108449713,6245,94685,67131,9779,2013,9,262,73,7,351
"695",75,183328,6.64398108449713,6245,94685,67131,9779,2014,2,139,36,6,183
"702",75,183328,6.64398108449713,6245,94685,67131,9779,2015,0,53,22,3,78
"699",75,183328,6.64398108449713,6245,94685,67131,9779,2017,0,9,7,0,16
"700",75,183328,6.64398108449713,6245,94685,67131,9779,2018,2,67,16,0,85
"705",75,183328,6.64398108449713,6245,94685,67131,9779,2019,2,67,10,0,79
"704",75,183328,6.64398108449713,6245,94685,67131,9779,2020,1,44,8,1,54
"710",76,43694,1.65851985122311,24791,6097,9543,2099,2005,12,94,67,14,187
"715",76,43694,1.65851985122311,24791,6097,9543,2099,2006,30,118,81,2,231
"708",76,43694,1.65851985122311,24791,6097,9543,2099,2007,40,126,94,10,270
"719",76,43694,1.65851985122311,24791,6097,9543,2099,2008,32,110,104,10,256
"716",76,43694,1.65851985122311,24791,6097,9543,2099,2009,52,142,128,2,324
"706",76,43694,1.65851985122311,24791,6097,9543,2099,2010,52,155,83,10,300
"711",76,43694,1.65851985122311,24791,6097,9543,2099,2011,30,131,79,8,248
"707",76,43694,1.65851985122311,24791,6097,9543,2099,2012,48,140,71,25,284
"709",76,43694,1.65851985122311,24791,6097,9543,2099,2013,16,70,38,9,133
"718",76,43694,1.65851985122311,24791,6097,9543,2099,2014,3,18,12,1,34
"717",76,43694,1.65851985122311,24791,6097,9543,2099,2015,3,13,10,0,26
"714",76,43694,1.65851985122311,24791,6097,9543,2099,2017,4,26,11,2,43
"720",76,43694,1.65851985122311,24791,6097,9543,2099,2018,5,13,9,0,27
"712",76,43694,1.65851985122311,24791,6097,9543,2099,2019,5,25,15,0,45
"713",76,43694,1.65851985122311,24791,6097,9543,2099,2020,4,15,8,0,27
"727",77,96309,1.46730696134225,16048,63111,11498,2957,2005,5,404,36,20,465
"725",77,96309,1.46730696134225,16048,63111,11498,2957,2006,2,122,7,7,138
"724",77,96309,1.46730696134225,16048,63111,11498,2957,2007,5,325,19,11,360
"722",77,96309,1.46730696134225,16048,63111,11498,2957,2008,14,618,49,20,701
"730",77,96309,1.46730696134225,16048,63111,11498,2957,2009,18,634,41,26,719
"726",77,96309,1.46730696134225,16048,63111,11498,2957,2010,5,484,37,13,539
"731",77,96309,1.46730696134225,16048,63111,11498,2957,2011,4,421,47,20,492
"728",77,96309,1.46730696134225,16048,63111,11498,2957,2012,9,325,29,8,371
"723",77,96309,1.46730696134225,16048,63111,11498,2957,2013,2,167,16,8,193
"729",77,96309,1.46730696134225,16048,63111,11498,2957,2014,0,50,6,0,56
"732",77,96309,1.46730696134225,16048,63111,11498,2957,2015,0,17,1,0,18
"733",77,96309,1.46730696134225,16048,63111,11498,2957,2017,0,34,7,0,41
"734",77,96309,1.46730696134225,16048,63111,11498,2957,2018,0,32,1,0,33
"721",77,96309,1.46730696134225,16048,63111,11498,2957,2019,1,74,6,0,81
"735",77,96309,1.46730696134225,16048,63111,11498,2957,2020,0,47,7,0,54
"741",78,61099,2.32632031346355,40965,4877,9509,3609,2005,16,52,29,6,103
"750",78,61099,2.32632031346355,40965,4877,9509,3609,2006,10,70,31,12,123
"737",78,61099,2.32632031346355,40965,4877,9509,3609,2007,9,51,30,0,90
"743",78,61099,2.32632031346355,40965,4877,9509,3609,2008,7,33,18,6,64
"744",78,61099,2.32632031346355,40965,4877,9509,3609,2009,9,41,21,0,71
"740",78,61099,2.32632031346355,40965,4877,9509,3609,2010,12,40,31,9,92
"747",78,61099,2.32632031346355,40965,4877,9509,3609,2011,32,64,62,9,167
"736",78,61099,2.32632031346355,40965,4877,9509,3609,2012,8,53,31,7,99
"745",78,61099,2.32632031346355,40965,4877,9509,3609,2013,3,35,10,3,51
"742",78,61099,2.32632031346355,40965,4877,9509,3609,2014,0,7,2,0,9
"738",78,61099,2.32632031346355,40965,4877,9509,3609,2015,0,6,1,0,7
"748",78,61099,2.32632031346355,40965,4877,9509,3609,2017,0,14,3,0,17
"749",78,61099,2.32632031346355,40965,4877,9509,3609,2018,2,20,25,0,47
"739",78,61099,2.32632031346355,40965,4877,9509,3609,2019,2,25,17,1,45
"746",78,61099,2.32632031346355,40965,4877,9509,3609,2020,3,14,4,0,21
"761",79,90263,1.54633279068571,14506,51142,20014,2655,2005,8,280,43,24,355
"762",79,90263,1.54633279068571,14506,51142,20014,2655,2006,2,214,42,9,267
"751",79,90263,1.54633279068571,14506,51142,20014,2655,2007,17,626,138,46,827
"754",79,90263,1.54633279068571,14506,51142,20014,2655,2008,17,749,159,27,952
"760",79,90263,1.54633279068571,14506,51142,20014,2655,2009,30,863,170,33,1096
"753",79,90263,1.54633279068571,14506,51142,20014,2655,2010,25,624,107,12,768
"764",79,90263,1.54633279068571,14506,51142,20014,2655,2011,35,422,74,20,551
"758",79,90263,1.54633279068571,14506,51142,20014,2655,2012,17,376,81,15,489
"755",79,90263,1.54633279068571,14506,51142,20014,2655,2013,5,276,45,13,339
"765",79,90263,1.54633279068571,14506,51142,20014,2655,2014,3,168,29,4,204
"752",79,90263,1.54633279068571,14506,51142,20014,2655,2015,0,49,10,1,60
"757",79,90263,1.54633279068571,14506,51142,20014,2655,2017,3,48,6,0,57
"763",79,90263,1.54633279068571,14506,51142,20014,2655,2018,3,36,8,0,47
"759",79,90263,1.54633279068571,14506,51142,20014,2655,2019,5,33,8,1,47
"756",79,90263,1.54633279068571,14506,51142,20014,2655,2020,3,45,7,0,55
"770",81,62722,1.18566545341674,2128,47638,10474,1323,2005,2,73,9,5,89
"777",81,62722,1.18566545341674,2128,47638,10474,1323,2006,0,99,5,2,106
"771",81,62722,1.18566545341674,2128,47638,10474,1323,2007,2,215,11,4,232
"772",81,62722,1.18566545341674,2128,47638,10474,1323,2008,5,411,44,12,472
"780",81,62722,1.18566545341674,2128,47638,10474,1323,2009,1,530,41,10,582
"769",81,62722,1.18566545341674,2128,47638,10474,1323,2010,4,473,67,9,553
"779",81,62722,1.18566545341674,2128,47638,10474,1323,2011,7,391,43,19,460
"767",81,62722,1.18566545341674,2128,47638,10474,1323,2012,11,300,48,17,376
"774",81,62722,1.18566545341674,2128,47638,10474,1323,2013,4,142,17,2,165
"776",81,62722,1.18566545341674,2128,47638,10474,1323,2014,1,44,10,3,58
"766",81,62722,1.18566545341674,2128,47638,10474,1323,2015,1,7,0,0,8
"773",81,62722,1.18566545341674,2128,47638,10474,1323,2017,0,26,3,0,29
"778",81,62722,1.18566545341674,2128,47638,10474,1323,2018,1,29,0,0,30
"768",81,62722,1.18566545341674,2128,47638,10474,1323,2019,0,36,4,0,40
"775",81,62722,1.18566545341674,2128,47638,10474,1323,2020,1,25,6,0,32
"783",83,112634,1.94786112703134,9564,22688,73616,5008,2005,3,29,37,4,73
"791",83,112634,1.94786112703134,9564,22688,73616,5008,2006,3,61,61,10,135
"784",83,112634,1.94786112703134,9564,22688,73616,5008,2007,13,92,135,6,246
"786",83,112634,1.94786112703134,9564,22688,73616,5008,2008,19,184,344,19,566
"795",83,112634,1.94786112703134,9564,22688,73616,5008,2009,32,244,288,4,568
"782",83,112634,1.94786112703134,9564,22688,73616,5008,2010,27,268,377,13,685
"793",83,112634,1.94786112703134,9564,22688,73616,5008,2011,44,266,423,40,773
"785",83,112634,1.94786112703134,9564,22688,73616,5008,2012,36,223,281,34,574
"792",83,112634,1.94786112703134,9564,22688,73616,5008,2013,24,80,133,11,248
"790",83,112634,1.94786112703134,9564,22688,73616,5008,2014,7,38,51,1,97
"789",83,112634,1.94786112703134,9564,22688,73616,5008,2015,2,22,38,2,64
"787",83,112634,1.94786112703134,9564,22688,73616,5008,2017,0,10,12,1,23
"794",83,112634,1.94786112703134,9564,22688,73616,5008,2018,3,23,18,0,44
"781",83,112634,1.94786112703134,9564,22688,73616,5008,2019,0,17,12,1,30
"788",83,112634,1.94786112703134,9564,22688,73616,5008,2020,2,2,18,0,22
"802",84,48196,1.21914557523499,30066,5935,6078,4545,2005,8,113,20,12,153
"805",84,48196,1.21914557523499,30066,5935,6078,4545,2006,6,84,25,1,116
"798",84,48196,1.21914557523499,30066,5935,6078,4545,2007,11,99,30,1,141
"796",84,48196,1.21914557523499,30066,5935,6078,4545,2008,31,180,61,9,281
"807",84,48196,1.21914557523499,30066,5935,6078,4545,2009,17,210,45,9,281
"797",84,48196,1.21914557523499,30066,5935,6078,4545,2010,29,260,62,16,367
"808",84,48196,1.21914557523499,30066,5935,6078,4545,2011,40,203,38,17,298
"801",84,48196,1.21914557523499,30066,5935,6078,4545,2012,14,144,35,12,205
"809",84,48196,1.21914557523499,30066,5935,6078,4545,2013,11,86,34,4,135
"804",84,48196,1.21914557523499,30066,5935,6078,4545,2014,5,50,19,2,76
"799",84,48196,1.21914557523499,30066,5935,6078,4545,2015,2,26,4,1,33
"800",84,48196,1.21914557523499,30066,5935,6078,4545,2017,3,37,12,3,55
"810",84,48196,1.21914557523499,30066,5935,6078,4545,2018,4,36,4,0,44
"806",84,48196,1.21914557523499,30066,5935,6078,4545,2019,2,34,5,0,41
"803",84,48196,1.21914557523499,30066,5935,6078,4545,2020,5,35,9,0,49
"813",88,51421,1.45748634937736,15904,21986,8093,3475,2005,5,111,19,0,135
"825",88,51421,1.45748634937736,15904,21986,8093,3475,2006,14,283,42,16,355
"812",88,51421,1.45748634937736,15904,21986,8093,3475,2007,9,348,63,16,436
"811",88,51421,1.45748634937736,15904,21986,8093,3475,2008,15,313,53,21,402
"821",88,51421,1.45748634937736,15904,21986,8093,3475,2009,25,299,58,8,390
"822",88,51421,1.45748634937736,15904,21986,8093,3475,2010,14,399,67,8,488
"820",88,51421,1.45748634937736,15904,21986,8093,3475,2011,26,460,62,22,570
"823",88,51421,1.45748634937736,15904,21986,8093,3475,2012,19,340,49,22,430
"819",88,51421,1.45748634937736,15904,21986,8093,3475,2013,3,72,10,4,89
"815",88,51421,1.45748634937736,15904,21986,8093,3475,2014,2,31,11,0,44
"816",88,51421,1.45748634937736,15904,21986,8093,3475,2015,3,17,1,2,23
"814",88,51421,1.45748634937736,15904,21986,8093,3475,2017,0,13,2,0,15
"824",88,51421,1.45748634937736,15904,21986,8093,3475,2018,0,39,4,0,43
"817",88,51421,1.45748634937736,15904,21986,8093,3475,2019,1,23,5,0,29
"818",88,51421,1.45748634937736,15904,21986,8093,3475,2020,0,30,9,0,39
"829",90,116836,2.27444618203989,64467,7294,37920,5606,2005,5,45,81,1,132
"834",90,116836,2.27444618203989,64467,7294,37920,5606,2006,10,36,65,6,117
"827",90,116836,2.27444618203989,64467,7294,37920,5606,2007,28,110,184,17,339
"837",90,116836,2.27444618203989,64467,7294,37920,5606,2008,40,162,250,19,471
"836",90,116836,2.27444618203989,64467,7294,37920,5606,2009,40,171,256,17,484
"833",90,116836,2.27444618203989,64467,7294,37920,5606,2010,66,229,380,7,682
"839",90,116836,2.27444618203989,64467,7294,37920,5606,2011,57,160,321,14,552
"831",90,116836,2.27444618203989,64467,7294,37920,5606,2012,54,133,276,12,475
"835",90,116836,2.27444618203989,64467,7294,37920,5606,2013,12,57,75,3,147
"838",90,116836,2.27444618203989,64467,7294,37920,5606,2014,8,41,39,5,93
"828",90,116836,2.27444618203989,64467,7294,37920,5606,2015,1,11,17,0,29
"826",90,116836,2.27444618203989,64467,7294,37920,5606,2017,4,16,22,0,42
"840",90,116836,2.27444618203989,64467,7294,37920,5606,2018,3,16,10,0,29
"832",90,116836,2.27444618203989,64467,7294,37920,5606,2019,1,23,14,2,40
"830",90,116836,2.27444618203989,64467,7294,37920,5606,2020,1,20,13,0,34
"846",94,56247,2.25643604447759,40844,1688,9088,3365,2005,49,54,59,8,170
"844",94,56247,2.25643604447759,40844,1688,9088,3365,2006,27,10,24,3,64
"850",94,56247,2.25643604447759,40844,1688,9088,3365,2007,29,20,34,0,83
"843",94,56247,2.25643604447759,40844,1688,9088,3365,2008,41,11,48,2,102
"855",94,56247,2.25643604447759,40844,1688,9088,3365,2009,69,21,54,1,145
"852",94,56247,2.25643604447759,40844,1688,9088,3365,2010,53,38,34,4,129
"853",94,56247,2.25643604447759,40844,1688,9088,3365,2011,59,21,46,11,137
"848",94,56247,2.25643604447759,40844,1688,9088,3365,2012,64,38,34,10,146
"842",94,56247,2.25643604447759,40844,1688,9088,3365,2013,26,15,11,2,54
"851",94,56247,2.25643604447759,40844,1688,9088,3365,2014,11,6,3,0,20
"847",94,56247,2.25643604447759,40844,1688,9088,3365,2015,4,5,1,1,11
"841",94,56247,2.25643604447759,40844,1688,9088,3365,2017,9,17,7,0,33
"854",94,56247,2.25643604447759,40844,1688,9088,3365,2018,3,8,3,0,14
"845",94,56247,2.25643604447759,40844,1688,9088,3365,2019,14,14,11,1,40
"849",94,56247,2.25643604447759,40844,1688,9088,3365,2020,6,14,12,0,32
"856",100,47913,7.19864537685984,26793,11609,7161,1428,2005,38,134,35,1,208
"866",100,47913,7.19864537685984,26793,11609,7161,1428,2006,34,136,27,0,197
"859",100,47913,7.19864537685984,26793,11609,7161,1428,2007,45,150,28,1,224
"858",100,47913,7.19864537685984,26793,11609,7161,1428,2008,27,182,32,0,241
"867",100,47913,7.19864537685984,26793,11609,7161,1428,2009,44,212,41,4,301
"868",100,47913,7.19864537685984,26793,11609,7161,1428,2010,65,213,55,2,335
"864",100,47913,7.19864537685984,26793,11609,7161,1428,2011,58,235,64,3,360
"869",100,47913,7.19864537685984,26793,11609,7161,1428,2012,39,163,28,4,234
"863",100,47913,7.19864537685984,26793,11609,7161,1428,2013,15,64,24,0,103
"860",100,47913,7.19864537685984,26793,11609,7161,1428,2014,7,18,4,0,29
"857",100,47913,7.19864537685984,26793,11609,7161,1428,2015,3,11,3,0,17
"862",100,47913,7.19864537685984,26793,11609,7161,1428,2017,6,24,6,0,36
"870",100,47913,7.19864537685984,26793,11609,7161,1428,2018,5,25,6,0,36
"865",100,47913,7.19864537685984,26793,11609,7161,1428,2019,2,20,9,1,32
"861",100,47913,7.19864537685984,26793,11609,7161,1428,2020,1,22,2,0,25
"876",101,67065,2.91790027094447,13666,33054,16941,1499,2005,6,242,32,8,288
"885",101,67065,2.91790027094447,13666,33054,16941,1499,2006,29,478,61,20,588
"871",101,67065,2.91790027094447,13666,33054,16941,1499,2007,20,483,55,7,565
"872",101,67065,2.91790027094447,13666,33054,16941,1499,2008,15,527,64,4,610
"877",101,67065,2.91790027094447,13666,33054,16941,1499,2009,7,716,59,12,794
"879",101,67065,2.91790027094447,13666,33054,16941,1499,2010,9,692,64,30,795
"883",101,67065,2.91790027094447,13666,33054,16941,1499,2011,4,460,51,17,532
"874",101,67065,2.91790027094447,13666,33054,16941,1499,2012,4,338,54,8,404
"878",101,67065,2.91790027094447,13666,33054,16941,1499,2013,6,182,38,8,234
"880",101,67065,2.91790027094447,13666,33054,16941,1499,2014,4,58,12,2,76
"875",101,67065,2.91790027094447,13666,33054,16941,1499,2015,1,26,3,0,30
"873",101,67065,2.91790027094447,13666,33054,16941,1499,2017,0,13,3,0,16
"882",101,67065,2.91790027094447,13666,33054,16941,1499,2018,0,15,2,0,17
"884",101,67065,2.91790027094447,13666,33054,16941,1499,2019,2,70,12,0,84
"881",101,67065,2.91790027094447,13666,33054,16941,1499,2020,1,32,6,0,39
"894",102,144008,4.5835695449687,28493,12021,58767,32410,2005,20,67,73,90,250
"898",102,144008,4.5835695449687,28493,12021,58767,32410,2006,59,104,202,94,459
"897",102,144008,4.5835695449687,28493,12021,58767,32410,2007,72,114,259,104,549
"887",102,144008,4.5835695449687,28493,12021,58767,32410,2008,71,130,367,176,744
"896",102,144008,4.5835695449687,28493,12021,58767,32410,2009,100,159,425,246,930
"892",102,144008,4.5835695449687,28493,12021,58767,32410,2010,89,188,361,246,884
"893",102,144008,4.5835695449687,28493,12021,58767,32410,2011,80,140,333,185,738
"888",102,144008,4.5835695449687,28493,12021,58767,32410,2012,68,161,389,204,822
"889",102,144008,4.5835695449687,28493,12021,58767,32410,2013,33,58,149,83,323
"899",102,144008,4.5835695449687,28493,12021,58767,32410,2014,20,25,93,31,169
"886",102,144008,4.5835695449687,28493,12021,58767,32410,2015,5,12,32,14,63
"900",102,144008,4.5835695449687,28493,12021,58767,32410,2017,2,4,4,0,10
"891",102,144008,4.5835695449687,28493,12021,58767,32410,2018,5,4,8,0,17
"890",102,144008,4.5835695449687,28493,12021,58767,32410,2019,0,21,16,0,37
"895",102,144008,4.5835695449687,28493,12021,58767,32410,2020,2,7,10,0,19
"908",103,105803,3.46984140849039,2765,45835,29343,18584,2005,16,546,113,93,768
"904",103,105803,3.46984140849039,2765,45835,29343,18584,2006,47,494,110,35,686
"907",103,105803,3.46984140849039,2765,45835,29343,18584,2007,29,408,82,58,577
"901",103,105803,3.46984140849039,2765,45835,29343,18584,2008,15,462,86,39,602
"911",103,105803,3.46984140849039,2765,45835,29343,18584,2009,11,549,209,51,820
"905",103,105803,3.46984140849039,2765,45835,29343,18584,2010,26,797,212,94,1129
"913",103,105803,3.46984140849039,2765,45835,29343,18584,2011,34,865,189,110,1198
"909",103,105803,3.46984140849039,2765,45835,29343,18584,2012,22,713,220,89,1044
"903",103,105803,3.46984140849039,2765,45835,29343,18584,2013,15,251,76,40,382
"906",103,105803,3.46984140849039,2765,45835,29343,18584,2014,0,25,8,2,35
"902",103,105803,3.46984140849039,2765,45835,29343,18584,2015,0,12,1,0,13
"910",103,105803,3.46984140849039,2765,45835,29343,18584,2017,2,17,6,0,25
"915",103,105803,3.46984140849039,2765,45835,29343,18584,2018,1,12,8,0,21
"914",103,105803,3.46984140849039,2765,45835,29343,18584,2019,1,34,9,0,44
"912",103,105803,3.46984140849039,2765,45835,29343,18584,2020,1,57,11,0,69
"916",104,170190,7.23745337496307,93378,2368,58947,13372,2005,36,12,60,9,117
"919",104,170190,7.23745337496307,93378,2368,58947,13372,2006,66,36,117,11,230
"923",104,170190,7.23745337496307,93378,2368,58947,13372,2007,104,21,128,6,259
"925",104,170190,7.23745337496307,93378,2368,58947,13372,2008,78,21,130,8,237
"927",104,170190,7.23745337496307,93378,2368,58947,13372,2009,111,36,231,11,389
"928",104,170190,7.23745337496307,93378,2368,58947,13372,2010,95,38,195,4,332
"924",104,170190,7.23745337496307,93378,2368,58947,13372,2011,162,51,327,19,559
"929",104,170190,7.23745337496307,93378,2368,58947,13372,2012,160,33,236,11,440
"918",104,170190,7.23745337496307,93378,2368,58947,13372,2013,55,27,100,11,193
"922",104,170190,7.23745337496307,93378,2368,58947,13372,2014,32,23,67,0,122
"917",104,170190,7.23745337496307,93378,2368,58947,13372,2015,8,6,18,0,32
"920",104,170190,7.23745337496307,93378,2368,58947,13372,2017,7,7,18,0,32
"921",104,170190,7.23745337496307,93378,2368,58947,13372,2018,0,2,2,0,4
"930",104,170190,7.23745337496307,93378,2368,58947,13372,2019,11,7,41,0,59
"926",104,170190,7.23745337496307,93378,2368,58947,13372,2020,11,16,26,1,54
"945",105,188582,11.9428607915491,24611,104029,22337,28483,2005,15,216,34,27,292
"934",105,188582,11.9428607915491,24611,104029,22337,28483,2006,10,201,23,25,259
"933",105,188582,11.9428607915491,24611,104029,22337,28483,2007,38,215,32,26,311
"939",105,188582,11.9428607915491,24611,104029,22337,28483,2008,36,343,46,49,474
"941",105,188582,11.9428607915491,24611,104029,22337,28483,2009,91,584,103,76,854
"940",105,188582,11.9428607915491,24611,104029,22337,28483,2010,50,664,76,52,842
"936",105,188582,11.9428607915491,24611,104029,22337,28483,2011,47,802,78,84,1011
"944",105,188582,11.9428607915491,24611,104029,22337,28483,2012,38,695,57,81,871
"931",105,188582,11.9428607915491,24611,104029,22337,28483,2013,18,230,24,34,306
"932",105,188582,11.9428607915491,24611,104029,22337,28483,2014,13,128,35,8,184
"942",105,188582,11.9428607915491,24611,104029,22337,28483,2015,5,90,8,3,106
"938",105,188582,11.9428607915491,24611,104029,22337,28483,2017,3,28,3,1,35
"943",105,188582,11.9428607915491,24611,104029,22337,28483,2018,1,22,2,0,25
"935",105,188582,11.9428607915491,24611,104029,22337,28483,2019,3,46,1,0,50
"937",105,188582,11.9428607915491,24611,104029,22337,28483,2020,3,49,6,0,58
"960",106,122441,5.92700582277038,31739,20990,28309,23519,2005,26,93,56,73,248
"948",106,122441,5.92700582277038,31739,20990,28309,23519,2006,45,117,94,75,331
"949",106,122441,5.92700582277038,31739,20990,28309,23519,2007,56,137,98,101,392
"953",106,122441,5.92700582277038,31739,20990,28309,23519,2008,62,130,94,114,400
"958",106,122441,5.92700582277038,31739,20990,28309,23519,2009,54,128,101,128,411
"954",106,122441,5.92700582277038,31739,20990,28309,23519,2010,46,156,97,160,459
"955",106,122441,5.92700582277038,31739,20990,28309,23519,2011,36,85,54,90,265
"959",106,122441,5.92700582277038,31739,20990,28309,23519,2012,38,117,65,84,304
"951",106,122441,5.92700582277038,31739,20990,28309,23519,2013,25,62,35,40,162
"947",106,122441,5.92700582277038,31739,20990,28309,23519,2014,28,48,26,43,145
"956",106,122441,5.92700582277038,31739,20990,28309,23519,2015,17,44,35,30,126
"952",106,122441,5.92700582277038,31739,20990,28309,23519,2017,4,14,6,12,36
"957",106,122441,5.92700582277038,31739,20990,28309,23519,2018,3,14,3,0,20
"950",106,122441,5.92700582277038,31739,20990,28309,23519,2019,7,18,14,1,40
"946",106,122441,5.92700582277038,31739,20990,28309,23519,2020,0,17,17,0,34
"974",107,151107,7.13423647491846,52871,19107,25621,47482,2005,21,80,33,27,161
"962",107,151107,7.13423647491846,52871,19107,25621,47482,2006,33,151,48,29,261
"963",107,151107,7.13423647491846,52871,19107,25621,47482,2007,38,123,73,28,262
"973",107,151107,7.13423647491846,52871,19107,25621,47482,2008,26,97,68,27,218
"972",107,151107,7.13423647491846,52871,19107,25621,47482,2009,28,127,64,27,246
"968",107,151107,7.13423647491846,52871,19107,25621,47482,2010,44,169,78,46,337
"969",107,151107,7.13423647491846,52871,19107,25621,47482,2011,42,176,84,63,365
"975",107,151107,7.13423647491846,52871,19107,25621,47482,2012,68,155,67,31,321
"964",107,151107,7.13423647491846,52871,19107,25621,47482,2013,20,76,35,38,169
"965",107,151107,7.13423647491846,52871,19107,25621,47482,2014,26,52,38,23,139
"970",107,151107,7.13423647491846,52871,19107,25621,47482,2015,7,18,6,10,41
"966",107,151107,7.13423647491846,52871,19107,25621,47482,2017,1,3,5,1,10
"971",107,151107,7.13423647491846,52871,19107,25621,47482,2018,4,15,11,0,30
"967",107,151107,7.13423647491846,52871,19107,25621,47482,2019,10,26,7,0,43
"961",107,151107,7.13423647491846,52871,19107,25621,47482,2020,6,13,4,0,23
"979",108,113200,4.94982542618786,32470,2132,39207,36462,2005,16,23,57,12,108
"987",108,113200,4.94982542618786,32470,2132,39207,36462,2006,29,20,109,16,174
"981",108,113200,4.94982542618786,32470,2132,39207,36462,2007,52,59,208,38,357
"983",108,113200,4.94982542618786,32470,2132,39207,36462,2008,59,63,201,55,378
"990",108,113200,4.94982542618786,32470,2132,39207,36462,2009,73,49,210,44,376
"982",108,113200,4.94982542618786,32470,2132,39207,36462,2010,82,68,228,82,460
"980",108,113200,4.94982542618786,32470,2132,39207,36462,2011,78,52,234,56,420
"986",108,113200,4.94982542618786,32470,2132,39207,36462,2012,33,34,108,36,211
"976",108,113200,4.94982542618786,32470,2132,39207,36462,2013,10,6,15,5,36
"978",108,113200,4.94982542618786,32470,2132,39207,36462,2014,1,4,5,2,12
"988",108,113200,4.94982542618786,32470,2132,39207,36462,2015,1,0,3,1,5
"989",108,113200,4.94982542618786,32470,2132,39207,36462,2017,4,6,11,1,22
"977",108,113200,4.94982542618786,32470,2132,39207,36462,2018,7,4,11,0,22
"985",108,113200,4.94982542618786,32470,2132,39207,36462,2019,6,3,22,0,31
"984",108,113200,4.94982542618786,32470,2132,39207,36462,2020,6,7,14,1,28
"1004",109,247354,11.0842092574544,73668,5512,41164,122309,2005,47,65,110,91,313
"997",109,247354,11.0842092574544,73668,5512,41164,122309,2006,59,71,121,83,334
"991",109,247354,11.0842092574544,73668,5512,41164,122309,2007,73,49,134,131,387
"996",109,247354,11.0842092574544,73668,5512,41164,122309,2008,64,68,154,64,350
"1002",109,247354,11.0842092574544,73668,5512,41164,122309,2009,48,69,177,91,385
"992",109,247354,11.0842092574544,73668,5512,41164,122309,2010,65,60,130,107,362
"1003",109,247354,11.0842092574544,73668,5512,41164,122309,2011,108,159,324,257,848
"995",109,247354,11.0842092574544,73668,5512,41164,122309,2012,106,154,260,226,746
"1001",109,247354,11.0842092574544,73668,5512,41164,122309,2013,59,92,104,89,344
"999",109,247354,11.0842092574544,73668,5512,41164,122309,2014,18,22,42,25,107
"994",109,247354,11.0842092574544,73668,5512,41164,122309,2015,11,7,22,6,46
"1000",109,247354,11.0842092574544,73668,5512,41164,122309,2017,2,6,8,3,19
"1005",109,247354,11.0842092574544,73668,5512,41164,122309,2018,4,8,8,0,20
"993",109,247354,11.0842092574544,73668,5512,41164,122309,2019,13,14,17,0,44
"998",109,247354,11.0842092574544,73668,5512,41164,122309,2020,6,10,11,0,27
"1012",110,172634,3.87143442373769,12352,9091,90314,57591,2005,23,60,243,40,366
"1018",110,172634,3.87143442373769,12352,9091,90314,57591,2006,28,50,309,33,420
"1014",110,172634,3.87143442373769,12352,9091,90314,57591,2007,16,58,326,30,430
"1019",110,172634,3.87143442373769,12352,9091,90314,57591,2008,22,56,256,18,352
"1009",110,172634,3.87143442373769,12352,9091,90314,57591,2009,22,42,474,18,556
"1016",110,172634,3.87143442373769,12352,9091,90314,57591,2010,37,70,515,37,659
"1017",110,172634,3.87143442373769,12352,9091,90314,57591,2011,29,68,541,39,677
"1020",110,172634,3.87143442373769,12352,9091,90314,57591,2012,34,49,478,36,597
"1008",110,172634,3.87143442373769,12352,9091,90314,57591,2013,14,30,298,25,367
"1013",110,172634,3.87143442373769,12352,9091,90314,57591,2014,5,9,36,2,52
"1007",110,172634,3.87143442373769,12352,9091,90314,57591,2015,3,10,52,2,67
"1010",110,172634,3.87143442373769,12352,9091,90314,57591,2017,3,13,49,5,70
"1015",110,172634,3.87143442373769,12352,9091,90314,57591,2018,4,10,52,1,67
"1011",110,172634,3.87143442373769,12352,9091,90314,57591,2019,3,7,53,0,63
"1006",110,172634,3.87143442373769,12352,9091,90314,57591,2020,4,10,44,0,58
"1021",111,116431,8.95113235289062,54690,2400,11676,45839,2005,93,40,34,28,195
"1027",111,116431,8.95113235289062,54690,2400,11676,45839,2006,53,37,52,21,163
"1028",111,116431,8.95113235289062,54690,2400,11676,45839,2007,51,52,54,40,197
"1030",111,116431,8.95113235289062,54690,2400,11676,45839,2008,67,61,55,70,253
"1034",111,116431,8.95113235289062,54690,2400,11676,45839,2009,81,50,58,42,231
"1025",111,116431,8.95113235289062,54690,2400,11676,45839,2010,99,53,71,58,281
"1031",111,116431,8.95113235289062,54690,2400,11676,45839,2011,82,54,70,49,255
"1035",111,116431,8.95113235289062,54690,2400,11676,45839,2012,78,22,48,32,180
"1024",111,116431,8.95113235289062,54690,2400,11676,45839,2013,29,19,18,20,86
"1022",111,116431,8.95113235289062,54690,2400,11676,45839,2014,12,6,13,6,37
"1023",111,116431,8.95113235289062,54690,2400,11676,45839,2015,5,5,10,5,25
"1033",111,116431,8.95113235289062,54690,2400,11676,45839,2017,9,10,5,5,29
"1029",111,116431,8.95113235289062,54690,2400,11676,45839,2018,10,8,5,0,23
"1032",111,116431,8.95113235289062,54690,2400,11676,45839,2019,6,5,11,0,22
"1026",111,116431,8.95113235289062,54690,2400,11676,45839,2020,7,15,15,0,37
"1039",112,112277,3.05807704112071,62092,2797,15146,29351,2005,82,36,61,16,195
"1040",112,112277,3.05807704112071,62092,2797,15146,29351,2006,71,31,52,16,170
"1043",112,112277,3.05807704112071,62092,2797,15146,29351,2007,73,30,40,17,160
"1050",112,112277,3.05807704112071,62092,2797,15146,29351,2008,82,28,50,22,182
"1041",112,112277,3.05807704112071,62092,2797,15146,29351,2009,154,61,70,29,314
"1046",112,112277,3.05807704112071,62092,2797,15146,29351,2010,123,52,85,31,291
"1045",112,112277,3.05807704112071,62092,2797,15146,29351,2011,110,69,81,25,285
"1048",112,112277,3.05807704112071,62092,2797,15146,29351,2012,93,47,62,22,224
"1036",112,112277,3.05807704112071,62092,2797,15146,29351,2013,49,35,34,8,126
"1042",112,112277,3.05807704112071,62092,2797,15146,29351,2014,11,11,19,1,42
"1037",112,112277,3.05807704112071,62092,2797,15146,29351,2015,0,3,5,0,8
"1049",112,112277,3.05807704112071,62092,2797,15146,29351,2017,1,3,9,2,15
"1047",112,112277,3.05807704112071,62092,2797,15146,29351,2018,6,15,13,0,34
"1038",112,112277,3.05807704112071,62092,2797,15146,29351,2019,20,16,26,0,62
"1044",112,112277,3.05807704112071,62092,2797,15146,29351,2020,19,22,21,1,63
"1053",113,120132,13.4341816993026,1057,101721,9783,3130,2005,2,227,12,26,267
"1064",113,120132,13.4341816993026,1057,101721,9783,3130,2006,6,243,6,1,256
"1052",113,120132,13.4341816993026,1057,101721,9783,3130,2007,10,334,15,11,370
"1065",113,120132,13.4341816993026,1057,101721,9783,3130,2008,6,489,17,16,528
"1059",113,120132,13.4341816993026,1057,101721,9783,3130,2009,3,540,20,25,588
"1056",113,120132,13.4341816993026,1057,101721,9783,3130,2010,8,554,25,32,619
"1054",113,120132,13.4341816993026,1057,101721,9783,3130,2011,3,530,39,23,595
"1063",113,120132,13.4341816993026,1057,101721,9783,3130,2012,2,525,33,18,578
"1051",113,120132,13.4341816993026,1057,101721,9783,3130,2013,2,134,9,9,154
"1060",113,120132,13.4341816993026,1057,101721,9783,3130,2014,1,52,3,1,57
"1057",113,120132,13.4341816993026,1057,101721,9783,3130,2015,0,13,0,0,13
"1061",113,120132,13.4341816993026,1057,101721,9783,3130,2017,0,20,0,0,20
"1062",113,120132,13.4341816993026,1057,101721,9783,3130,2018,1,15,0,0,16
"1058",113,120132,13.4341816993026,1057,101721,9783,3130,2019,0,35,1,0,36
"1055",113,120132,13.4341816993026,1057,101721,9783,3130,2020,1,43,4,0,48
"1069",114,202766,6.03900340113437,91531,21019,54441,29434,2005,115,333,220,70,738
"1070",114,202766,6.03900340113437,91531,21019,54441,29434,2006,182,422,333,78,1015
"1073",114,202766,6.03900340113437,91531,21019,54441,29434,2007,234,383,398,141,1156
"1068",114,202766,6.03900340113437,91531,21019,54441,29434,2008,145,303,317,105,870
"1078",114,202766,6.03900340113437,91531,21019,54441,29434,2009,131,195,236,61,623
"1077",114,202766,6.03900340113437,91531,21019,54441,29434,2010,106,262,238,64,670
"1079",114,202766,6.03900340113437,91531,21019,54441,29434,2011,138,300,254,48,740
"1080",114,202766,6.03900340113437,91531,21019,54441,29434,2012,80,287,156,39,562
"1066",114,202766,6.03900340113437,91531,21019,54441,29434,2013,44,126,107,11,288
"1075",114,202766,6.03900340113437,91531,21019,54441,29434,2014,18,60,39,12,129
"1067",114,202766,6.03900340113437,91531,21019,54441,29434,2015,20,23,21,11,75
"1071",114,202766,6.03900340113437,91531,21019,54441,29434,2017,12,55,41,3,111
"1076",114,202766,6.03900340113437,91531,21019,54441,29434,2018,17,57,50,1,125
"1072",114,202766,6.03900340113437,91531,21019,54441,29434,2019,11,22,35,0,68
"1074",114,202766,6.03900340113437,91531,21019,54441,29434,2020,8,16,19,2,45
"1083",115,171576,3.89056016029543,20334,10683,110108,27269,2005,18,43,219,36,316
"1089",115,171576,3.89056016029543,20334,10683,110108,27269,2006,8,46,167,28,249
"1084",115,171576,3.89056016029543,20334,10683,110108,27269,2007,9,34,194,11,248
"1095",115,171576,3.89056016029543,20334,10683,110108,27269,2008,16,53,237,16,322
"1088",115,171576,3.89056016029543,20334,10683,110108,27269,2009,21,48,331,22,422
"1093",115,171576,3.89056016029543,20334,10683,110108,27269,2010,24,70,385,28,507
"1092",115,171576,3.89056016029543,20334,10683,110108,27269,2011,32,72,541,26,671
"1094",115,171576,3.89056016029543,20334,10683,110108,27269,2012,21,54,369,20,464
"1082",115,171576,3.89056016029543,20334,10683,110108,27269,2013,16,29,193,9,247
"1081",115,171576,3.89056016029543,20334,10683,110108,27269,2014,4,5,19,1,29
"1086",115,171576,3.89056016029543,20334,10683,110108,27269,2015,1,1,18,0,20
"1085",115,171576,3.89056016029543,20334,10683,110108,27269,2017,5,7,27,0,39
"1091",115,171576,3.89056016029543,20334,10683,110108,27269,2018,0,15,35,0,50
"1090",115,171576,3.89056016029543,20334,10683,110108,27269,2019,1,16,48,0,65
"1087",115,171576,3.89056016029543,20334,10683,110108,27269,2020,7,7,27,0,41
"1100",120,175876,13.110884597805,69615,38630,50069,13568,2005,64,214,72,37,387
"1107",120,175876,13.110884597805,69615,38630,50069,13568,2006,121,400,135,12,668
"1096",120,175876,13.110884597805,69615,38630,50069,13568,2007,121,352,147,11,631
"1098",120,175876,13.110884597805,69615,38630,50069,13568,2008,177,620,256,13,1066
"1102",120,175876,13.110884597805,69615,38630,50069,13568,2009,149,499,256,18,922
"1108",120,175876,13.110884597805,69615,38630,50069,13568,2010,173,605,295,34,1107
"1106",120,175876,13.110884597805,69615,38630,50069,13568,2011,238,668,324,39,1269
"1110",120,175876,13.110884597805,69615,38630,50069,13568,2012,129,468,228,29,854
"1099",120,175876,13.110884597805,69615,38630,50069,13568,2013,46,193,63,1,303
"1097",120,175876,13.110884597805,69615,38630,50069,13568,2014,6,73,17,1,97
"1101",120,175876,13.110884597805,69615,38630,50069,13568,2015,4,26,8,0,38
"1109",120,175876,13.110884597805,69615,38630,50069,13568,2017,8,47,10,2,67
"1105",120,175876,13.110884597805,69615,38630,50069,13568,2018,6,26,12,0,44
"1103",120,175876,13.110884597805,69615,38630,50069,13568,2019,8,23,14,0,45
"1104",120,175876,13.110884597805,69615,38630,50069,13568,2020,7,31,4,2,44
"1112",122,194822,26.8770098627155,147259,4467,23000,17351,2005,86,32,36,13,167
"1117",122,194822,26.8770098627155,147259,4467,23000,17351,2006,152,81,38,10,281
"1121",122,194822,26.8770098627155,147259,4467,23000,17351,2007,147,49,35,18,249
"1111",122,194822,26.8770098627155,147259,4467,23000,17351,2008,151,47,41,9,248
"1120",122,194822,26.8770098627155,147259,4467,23000,17351,2009,91,34,27,7,159
"1118",122,194822,26.8770098627155,147259,4467,23000,17351,2010,93,49,35,11,188
"1123",122,194822,26.8770098627155,147259,4467,23000,17351,2011,202,61,62,18,343
"1124",122,194822,26.8770098627155,147259,4467,23000,17351,2012,147,42,33,10,232
"1122",122,194822,26.8770098627155,147259,4467,23000,17351,2013,66,54,21,7,148
"1125",122,194822,26.8770098627155,147259,4467,23000,17351,2014,31,41,18,4,94
"1114",122,194822,26.8770098627155,147259,4467,23000,17351,2015,14,29,18,2,63
"1119",122,194822,26.8770098627155,147259,4467,23000,17351,2017,28,57,16,2,103
"1115",122,194822,26.8770098627155,147259,4467,23000,17351,2018,24,35,14,1,74
"1116",122,194822,26.8770098627155,147259,4467,23000,17351,2019,28,52,16,0,96
"1113",122,194822,26.8770098627155,147259,4467,23000,17351,2020,24,44,16,0,84
"1139",123,98032,15.842833943997,83295,1216,7982,4610,2005,96,7,7,3,113
"1135",123,98032,15.842833943997,83295,1216,7982,4610,2006,65,10,4,1,80
"1131",123,98032,15.842833943997,83295,1216,7982,4610,2007,95,8,9,6,118
"1130",123,98032,15.842833943997,83295,1216,7982,4610,2008,120,12,16,2,150
"1134",123,98032,15.842833943997,83295,1216,7982,4610,2009,95,7,9,3,114
"1129",123,98032,15.842833943997,83295,1216,7982,4610,2010,94,7,11,6,118
"1138",123,98032,15.842833943997,83295,1216,7982,4610,2011,84,4,13,4,105
"1133",123,98032,15.842833943997,83295,1216,7982,4610,2012,66,7,15,3,91
"1136",123,98032,15.842833943997,83295,1216,7982,4610,2013,58,6,4,1,69
"1137",123,98032,15.842833943997,83295,1216,7982,4610,2014,53,7,6,4,70
"1132",123,98032,15.842833943997,83295,1216,7982,4610,2015,20,6,4,0,30
"1128",123,98032,15.842833943997,83295,1216,7982,4610,2017,13,8,1,1,23
"1126",123,98032,15.842833943997,83295,1216,7982,4610,2018,2,2,0,0,4
"1127",123,98032,15.842833943997,83295,1216,7982,4610,2019,14,8,6,0,28
"1140",123,98032,15.842833943997,83295,1216,7982,4610,2020,5,9,5,0,19
